rank,name,school,division,flight,wins,losses,TGRS,TGRS_scaled,ts_rating,ts_mu,local_ts_mu,ts_sigma,reachability,local_reachability,sos,local_sos,quality_wins,won_after_set1_loss,vs_weaker_opp,vs_mid_opp,vs_top_opp,last_match_date,reason_below,power_rating
1,Ricky Jeong,Detroit Country Day,overall,1,15,0,700.65,100.0,39.54,58.47,58.47,6.31,238,238,11.71,11.71,14,1/1 (100%),,1-0 (100%),13-0 (100%),2026-09-29,,19.48
2,Aarav Shah,Salem,overall,1,17,0,653.39,94.2,30.55,52.99,52.99,7.48,238,238,7.08,7.08,14,1/1 (100%),3-0 (100%),7-0 (100%),7-0 (100%),2026-10-03,Lower power rating,19.42
3,Grant Miller,Ann Arbor Pioneer,overall,1,19,1,642.09,92.8,28.01,53.06,53.06,8.35,237,237,7.91,7.91,16,,2-0 (100%),7-0 (100%),9-1 (90%),2026-10-03,Lost head-to-head vs player above,21.09
4,Charles Ma,Ann Arbor Huron,overall,1,16,2,643.34,93.0,30.19,50.68,50.68,6.83,234,234,9.64,9.64,13,0/2 (0%),1-0 (100%),5-0 (100%),9-2 (82%),2026-10-03,Lost head-to-head vs player above,19.27
5,Mason Crosby,South Lyon East,overall,1,23,0,661.8,95.3,34.43,56.47,56.47,7.34,231,231,4.07,4.07,17,,6-0 (100%),7-0 (100%),10-0 (100%),2026-10-02,Lower power rating,18.98
6,Jacob Yang,Bloomfield Hills Cranbrook Kingswood,overall,1,20,3,663.22,95.4,30.95,50.58,50.58,6.54,237,237,11.72,11.72,19,2/4 (50%),,1-0 (100%),19-3 (86%),2026-10-05,Worse score margin vs common opponents,18.86
7,Carter Griffith,Birmingham Seaholm,overall,1,17,2,637.82,92.3,28.04,45.92,45.92,5.96,236,236,12.04,12.04,13,1/2 (50%),1-0 (100%),,14-2 (88%),2026-09-29,Lost head-to-head vs player above,17.22
8,Reid Hackney,Muskegon Mona Shores,overall,1,20,2,545.45,81.0,20.14,47.84,47.84,9.23,218,218,-0.63,-0.63,6,0/1 (0%),11-0 (100%),4-0 (100%),4-2 (67%),2026-10-02,Lower power rating,16.18
9,Anish Komirisetty,Haslett,overall,1,25,0,619.44,90.1,30.82,58.38,58.38,9.18,219,219,3.43,3.43,17,1/1 (100%),6-0 (100%),6-0 (100%),11-0 (100%),2026-10-06,Lower power rating,16.06
10,Kris Thomas,Novi,overall,1,12,7,598.59,87.5,21.64,40.62,40.62,6.33,235,235,10.7,10.7,10,1/6 (17%),2-0 (100%),3-0 (100%),7-7 (50%),2026-10-03,Lower power rating,14.89
11,Ryan Brockhaus,Bloomfield Hills Brother Rice,overall,1,18,5,595.81,87.2,21.61,42.91,42.91,7.1,230,230,10.34,10.34,15,0/5 (0%),,4-0 (100%),12-5 (71%),2026-10-06,Lost head-to-head vs player above,14.33
12,Dheeraj Yelleti,Troy,overall,1,17,8,614.65,89.5,27.18,45.77,45.77,6.2,226,226,11.4,11.4,14,0/8 (0%),,4-0 (100%),11-8 (58%),2026-10-03,Worse score margin vs common opponents,14.24
13,Matthew Bartoszewicz,Grosse Pointe South,overall,1,21,6,606.46,88.5,24.25,44.13,44.13,6.62,227,227,8.23,8.23,18,1/6 (17%),2-0 (100%),6-0 (100%),12-5 (71%),2026-10-05,Worse score margin vs common opponents,14.32
14,Brady Winston,Bloomfield Hills,overall,1,9,8,552.36,81.9,17.56,35.58,35.58,6.01,223,223,13.02,13.02,8,0/8 (0%),,3-0 (100%),5-8 (38%),2026-10-05,Worse score margin vs common opponents,12.87
15,Evan Weber,Berkley,overall,1,17,2,592.76,86.8,24.91,45.49,45.49,6.86,224,224,4.23,4.23,12,1/3 (33%),5-0 (100%),7-0 (100%),5-2 (71%),2026-09-29,Worse score margin vs common opponents,15.31
16,Rohan Nagaram,Troy Athens,overall,1,13,9,579.93,85.3,23.91,41.57,41.57,5.89,220,220,7.63,7.63,11,1/9 (11%),2-0 (100%),7-0 (100%),4-8 (33%),2026-10-06,Worse score margin vs common opponents,12.68
17,Thomas McCormick,Clarkston,overall,1,14,4,547.33,81.3,17.06,34.15,34.15,5.7,219,219,8.88,8.88,13,1/4 (25%),1-0 (100%),6-0 (100%),7-4 (64%),2026-10-05,Lost head-to-head vs player above,13.93
18,Edmundo Berain Saucedo,Hudsonville Unity Christian,overall,1,17,6,623.36,90.6,31.85,52.34,52.34,6.83,220,220,6.09,6.09,14,1/5 (20%),2-0 (100%),6-1 (86%),8-4 (67%),2026-10-02,Fewer wins vs common opponents,12.07
19,Yassin Elsaadany,Midland Dow,overall,1,22,5,609.7,88.9,28.29,46.68,46.68,6.13,222,222,3.39,3.39,15,0/5 (0%),5-0 (100%),12-0 (100%),4-5 (44%),2026-10-05,Lower power rating,11.38
20,Euji Son,Berrien Springs,overall,1,23,2,590.71,86.6,25.3,48.65,48.65,7.78,219,219,1.21,1.21,17,1/3 (33%),6-0 (100%),12-0 (100%),5-2 (71%),2026-10-05,Lower power rating,10.84
21,Vikram Krishnan,Grand Rapids Forest Hills Northern,overall,1,11,5,578.88,85.1,25.35,42.98,42.98,5.88,217,217,9.16,9.16,9,0/4 (0%),,3-0 (100%),8-5 (62%),2026-10-05,Worse score margin vs common opponents,11.94
22,Aditya Deo,Rochester Adams,overall,1,7,10,506.1,76.2,10.75,29.03,29.03,6.09,218,218,11.61,11.61,7,0/9 (0%),,5-0 (100%),2-10 (17%),2026-10-05,Worse score margin vs common opponents,10.71
23,Dominic Kwong,Portage Central,overall,1,18,9,574.27,84.6,23.15,39.86,39.86,5.57,217,217,6.85,6.85,14,3/12 (25%),1-0 (100%),8-0 (100%),8-7 (53%),2026-10-03,Lost head-to-head vs player above,9.72
24,Gavin Luchies,Hudsonville,overall,1,20,5,607.13,88.6,30.03,46.98,46.98,5.65,216,216,7.77,7.77,14,1/5 (20%),2-0 (100%),7-0 (100%),10-4 (71%),2026-10-02,Lost head-to-head vs player above,12.71
25,Justin Karem,Byron Center,overall,1,18,6,566.66,83.6,23.08,41.2,41.2,6.04,215,215,6.35,6.35,12,2/8 (25%),3-0 (100%),4-0 (100%),10-5 (67%),2026-10-05,Lost head-to-head vs player above,10.89
26,Nico Grosso,Holland Christian,overall,1,17,8,554.72,82.2,21.46,39.61,39.61,6.05,212,212,7.67,7.67,13,2/8 (25%),1-0 (100%),6-0 (100%),8-8 (50%),2026-10-05,Lost head-to-head vs player above,9.4
27,Sahaj Pakala,Okemos,overall,1,16,10,568.78,83.9,24.97,41.34,41.34,5.46,210,210,8.76,8.76,13,1/9 (11%),1-0 (100%),5-0 (100%),8-10 (44%),2026-10-06,Lost head-to-head vs player above,10.36
28,Justin Woo,Ann Arbor Skyline,overall,1,8,6,510.35,76.7,15.34,30.5,30.5,5.06,209,209,10.23,10.23,7,1/7 (14%),,5-0 (100%),2-6 (25%),2026-10-01,Lost head-to-head vs player above,10.89
29,Graham Long,Detroit Catholic Central,overall,1,7,10,469.85,71.8,7.91,25.66,25.66,5.92,208,208,10.52,10.52,6,1/9 (11%),,4-0 (100%),3-9 (25%),2026-09-29,Lost head-to-head vs player above,8.16
30,Hawthorn Sutherland,Maple City Glen Lake,overall,1,16,9,553.49,82.0,22.94,40.64,40.64,5.9,208,208,6.47,6.47,13,0/9 (0%),2-0 (100%),6-0 (100%),7-9 (44%),2026-10-03,Worse score margin vs common opponents,9.68
31,Noah West,Lansing Catholic,overall,1,25,2,561.13,83.0,26.92,48.15,48.15,7.08,205,205,-0.16,-0.16,11,0/1 (0%),12-0 (100%),8-0 (100%),3-2 (60%),2026-10-03,Lost head-to-head vs player above,11.84
32,Mateus Pimentel,Goodrich,overall,1,18,0,538.38,80.2,25.24,49.79,49.79,8.18,203,203,-2.84,-2.84,5,1/1 (100%),13-0 (100%),2-0 (100%),3-0 (100%),2026-10-06,Worse score margin vs common opponents,14.36
33,Truong Huynh,Jackson,overall,1,12,1,502.22,75.8,18.17,43.02,43.02,8.28,204,204,-2.49,-2.49,3,1/2 (50%),9-0 (100%),1-0 (100%),2-0 (100%),2026-10-06,Lower power rating,7.75
34,Kirtan Palapattu,Ann Arbor Greenhills,overall,1,5,11,489.54,74.2,13.71,31.51,31.51,5.93,205,205,9.93,9.93,4,1/9 (11%),,2-1 (67%),2-10 (17%),2026-09-26,Lower power rating,7.14
35,Tise Courtright,Grosse Pointe Woods University Liggett,overall,1,14,13,528.67,79.0,20.18,35.66,35.66,5.16,204,204,9.47,9.47,10,1/11 (9%),1-0 (100%),5-0 (100%),6-13 (32%),2026-10-06,Lost head-to-head vs player above,9.23
36,Andrew Artuso,Dewitt,overall,1,14,10,482.08,73.3,13.1,29.19,29.19,5.36,201,201,5.04,5.04,8,3/13 (23%),5-0 (100%),6-1 (86%),2-8 (20%),2026-10-06,Lost head-to-head vs player above,6.58
37,Charlie Hayhoe,Mason,overall,1,18,12,550.16,81.6,25.75,45.72,45.72,6.66,202,202,4.69,4.69,10,0/11 (0%),6-0 (100%),6-1 (86%),5-10 (33%),2026-10-05,Fewer wins vs common opponents,7.05
38,Eli Howes,St. Johns,overall,1,19,3,499.47,75.4,18.07,35.46,35.46,5.8,200,200,0.12,0.12,6,0/3 (0%),13-0 (100%),4-0 (100%),2-3 (40%),2026-09-30,Lost head-to-head vs player above,8.31
39,Eeshaan Ale,St. Joseph,overall,1,18,8,494.39,74.8,16.34,33.61,33.61,5.76,197,197,4.28,4.28,11,1/8 (12%),3-0 (100%),9-1 (90%),4-5 (44%),2026-10-03,Lost head-to-head vs player above,8.76
40,Floyd Webb,Holland,overall,1,15,5,496.39,75.0,17.72,35.1,35.1,5.79,196,196,4.39,4.39,9,0/4 (0%),3-0 (100%),7-0 (100%),2-5 (29%),2026-10-05,Lost head-to-head vs player above,7.65
41,Manuel Meca,Grand Rapids Christian,overall,1,20,4,523.56,78.4,21.81,42.89,42.89,7.03,195,195,6.8,6.8,14,2/5 (40%),4-0 (100%),3-0 (100%),11-4 (73%),2026-10-05,Lost head-to-head vs player above,13.01
42,Sam Lauth,Allen Park,overall,1,18,0,487.06,73.9,23.57,46.53,46.53,7.65,182,182,-4.78,-4.78,5,,11-0 (100%),4-0 (100%),1-0 (100%),2026-10-01,Lower power rating,11.4
43,Lucas Parrott,Parma Western,overall,1,22,1,525.76,78.6,26.72,47.24,47.24,6.84,189,189,1.13,1.13,9,2/3 (67%),10-0 (100%),5-0 (100%),5-1 (83%),2026-09-28,Lower power rating,9.75
44,Charles Harding,Ypsilanti Lincoln,overall,1,7,5,476.16,72.6,21.71,37.52,37.52,5.27,181,181,2.07,2.07,3,1/5 (20%),4-0 (100%),3-2 (60%),0-2 (0%),2026-10-05,Worse score margin vs common opponents,4.07
45,Coltin Belanger,Plymouth Christian Academy,overall,1,8,6,445.17,68.8,16.14,31.69,31.69,5.18,180,180,-0.13,-0.13,3,2/8 (25%),5-1 (83%),3-3 (50%),0-2 (0%),2026-10-05,Lost head-to-head vs player above,2.21
46,Levi Duran,Monroe,overall,1,11,6,410.27,64.5,9.07,25.34,25.34,5.42,179,179,1.68,1.68,4,1/6 (17%),6-0 (100%),4-3 (57%),0-3 (0%),2026-09-29,Lost head-to-head vs player above,3.92
47,Jon Harrison,Dearborn Edsel Ford,overall,1,11,7,437.4,67.8,15.76,33.99,33.99,6.07,178,178,-0.95,-0.95,2,0/5 (0%),9-0 (100%),1-4 (20%),1-3 (25%),2026-10-02,Lost head-to-head vs player above,3.27
48,Jagger Meller,Southgate Anderson,overall,1,17,8,488.34,74.1,23.81,39.57,39.57,5.25,177,177,3.42,3.42,9,2/10 (20%),7-0 (100%),8-2 (80%),2-6 (25%),2026-10-03,Lost head-to-head vs player above,8.22
49,Jack Johnson,Grosse Ile,overall,1,20,4,435.96,67.7,15.31,33.04,33.04,5.91,172,172,0.61,0.61,10,0/2 (0%),9-0 (100%),6-0 (100%),5-4 (56%),2026-10-03,Lost head-to-head vs player above,10.71
50,Sam Michalowicz,New Baltimore Anchor Bay,overall,1,16,0,467.65,71.5,24.7,47.95,47.95,7.75,165,165,1.09,1.09,9,,5-0 (100%),8-0 (100%),2-0 (100%),2026-09-29,Worse score margin vs common opponents,12.7
51,Rocco Wisniewski,Pontiac Notre Dame Prep,overall,1,14,3,425.94,66.4,15.04,33.45,33.45,6.14,168,168,2.36,2.36,9,1/4 (25%),5-0 (100%),8-0 (100%),1-3 (25%),2026-10-06,Lower power rating,10.59
52,Liam Washington,Petoskey,overall,1,15,5,472.47,72.1,24.78,42.23,42.23,5.82,168,168,4.0,4.0,7,0/5 (0%),6-0 (100%),2-0 (100%),5-4 (56%),2026-09-23,Lower power rating,9.9
53,Keegan Parrish,Brighton,overall,1,11,10,408.29,64.3,13.38,30.96,30.96,5.86,165,165,7.7,7.7,5,0/9 (0%),3-0 (100%),5-0 (100%),1-10 (9%),2026-10-06,Lower power rating,8.43
54,Kyle Friggens,Grand Haven,overall,1,15,7,446.12,68.9,16.84,35.83,35.83,6.33,172,172,5.67,5.67,10,1/8 (12%),5-0 (100%),7-0 (100%),3-7 (30%),2026-10-05,Lower power rating,7.32
55,Eric J Mitchell,Birmingham Groves,overall,1,3,4,406.62,64.1,12.45,30.47,30.47,6.01,168,168,10.65,10.65,2,1/4 (25%),,2-1 (67%),0-3 (0%),2026-09-24,Lower power rating,7.32
56,Lucas Chang,Rochester,overall,1,7,11,374.35,60.1,4.99,22.82,22.82,5.95,167,167,9.76,9.76,7,1/12 (8%),,7-0 (100%),0-11 (0%),2026-10-05,Lost head-to-head vs player above,5.22
57,Liam Nantais,Detroit U-D Jesuit,overall,1,6,11,412.59,64.8,13.79,30.65,30.65,5.62,165,165,12.25,12.25,5,0/9 (0%),,1-0 (100%),4-11 (27%),2026-09-29,Worse score margin vs common opponents,8.55
58,Ayaan Bangera,Farmington,overall,1,9,3,448.62,69.2,23.24,43.22,43.22,6.66,161,161,5.67,5.67,5,1/4 (25%),3-0 (100%),4-0 (100%),1-3 (25%),2026-10-06,Worse score margin vs common opponents,10.25
59,Simon Wolters,East Kentwood,overall,1,15,3,403.37,63.7,15.6,33.23,33.23,5.88,158,158,0.57,0.57,6,0/2 (0%),9-0 (100%),5-0 (100%),1-3 (25%),2026-10-05,Lower power rating,9.4
60,Elliott Buck,Ada Forest Hills Eastern,overall,1,18,11,437.03,67.8,18.21,35.79,35.79,5.86,164,164,5.88,5.88,10,0/11 (0%),7-0 (100%),6-0 (100%),4-11 (27%),2026-10-05,Worse score margin vs common opponents,7.34
61,Rodrigo Oliveira,Utica Ford,overall,1,9,6,362.09,58.6,6.77,26.43,26.43,6.56,160,160,4.37,4.37,4,0/6 (0%),3-0 (100%),5-1 (83%),0-5 (0%),2026-10-05,Lower power rating,5.97
62,Han Chau,Walled Lake Central,overall,1,12,1,416.51,65.3,18.47,37.61,37.61,6.38,158,158,1.1,1.1,5,1/1 (100%),6-0 (100%),4-0 (100%),1-1 (50%),2026-10-02,Worse score margin vs common opponents,9.06
63,Alex Lytle,Lake Orion,overall,1,10,9,384.75,61.4,9.43,27.64,27.64,6.07,166,166,2.04,2.04,3,0/7 (0%),6-0 (100%),3-2 (60%),0-7 (0%),2026-09-28,Worse score margin vs common opponents,3.55
64,Ajay Sarnaik,Grosse Pointe North,overall,1,15,9,406.45,64.1,12.78,30.89,30.89,6.04,164,164,4.98,4.98,8,1/10 (10%),5-0 (100%),9-0 (100%),0-9 (0%),2026-10-05,Worse score margin vs common opponents,5.37
65,Christian Lambert,Rochester Hills Stoney Creek,overall,1,10,13,390.2,62.1,10.07,27.3,27.3,5.74,163,163,6.64,6.64,7,4/17 (24%),1-0 (100%),7-2 (78%),0-11 (0%),2026-10-05,Lost head-to-head vs player above,5.06
66,David Jones,Southfield Arts & Technology,overall,1,5,0,313.5,52.7,19.56,38.66,38.66,6.37,107,107,-2.81,-2.81,2,1/1 (100%),3-0 (100%),2-0 (100%),,2026-09-23,Worse score margin vs common opponents,11.1
67,Gavin Habicht,Romeo,overall,1,8,14,337.69,55.7,2.07,20.05,20.05,5.99,158,158,7.57,7.57,5,0/13 (0%),2-0 (100%),4-1 (80%),1-12 (8%),2026-10-05,Lower power rating,4.32
68,Jay Challa,North Farmington,overall,1,11,7,384.55,61.4,13.0,32.4,32.4,6.47,155,155,3.99,3.99,5,0/7 (0%),6-0 (100%),3-0 (100%),2-7 (22%),2026-10-02,Worse score margin vs common opponents,4.48
69,Cameron Galicia,Utica Eisenhower,overall,1,15,17,376.24,60.4,11.42,26.97,26.97,5.18,155,155,6.17,6.17,4,1/16 (6%),6-0 (100%),5-4 (56%),0-12 (0%),2026-10-05,Worse score margin vs common opponents,2.78
70,Max McCormick,Grand Blanc,overall,1,16,5,406.91,64.1,17.67,37.19,37.19,6.51,154,154,0.01,0.01,7,3/8 (38%),8-0 (100%),7-2 (78%),0-3 (0%),2026-10-03,Lost head-to-head vs player above,2.72
71,Liam Erickson,Warren De La Salle Collegiate,overall,1,7,9,361.91,58.6,9.59,24.91,24.91,5.11,154,154,2.88,2.88,3,1/10 (10%),4-0 (100%),2-4 (33%),1-5 (17%),2026-10-05,Lower power rating,2.42
72,Zack Tropea,Jackson Lumen Christi,overall,1,22,11,392.37,62.3,13.39,31.4,31.4,6.0,152,152,3.74,3.74,13,3/12 (25%),7-0 (100%),10-2 (83%),3-9 (25%),2026-10-03,Lost head-to-head vs player above,7.15
73,Grant Martin,East Grand Rapids,overall,1,9,12,342.86,56.3,12.07,30.42,30.42,6.12,134,134,7.92,7.92,7,2/13 (15%),2-0 (100%),5-0 (100%),2-11 (15%),2026-10-05,Worse score margin vs common opponents,6.11
74,Holden Beery,Traverse City Central,overall,1,16,13,360.03,58.4,15.84,34.54,34.54,6.23,134,134,4.52,4.52,7,0/13 (0%),7-0 (100%),6-2 (75%),1-11 (8%),2026-10-05,Worse score margin vs common opponents,5.7
75,Drake Apol,Jenison,overall,1,13,11,338.65,55.8,8.47,27.28,27.28,6.27,145,145,3.45,3.45,3,1/11 (9%),8-0 (100%),2-1 (67%),2-10 (17%),2026-10-02,Worse score margin vs common opponents,2.22
76,Alex Moore,Rockford,overall,1,8,18,262.45,46.5,0.72,19.11,19.11,6.13,124,124,6.64,6.64,5,1/18 (6%),2-0 (100%),4-3 (57%),2-14 (12%),2026-10-02,Lost head-to-head vs player above,4.95
77,Joe Maas,Grand Rapids South Christian,overall,1,21,4,338.32,55.7,19.12,39.01,39.01,6.63,116,116,0.29,0.29,7,0/4 (0%),11-0 (100%),5-0 (100%),4-4 (50%),2026-10-02,Worse score margin vs common opponents,7.88
78,Jagger Freed,Grand Ledge,overall,1,8,5,319.82,53.5,9.66,25.02,25.02,5.12,134,134,0.89,0.89,2,0/4 (0%),6-0 (100%),2-0 (100%),0-5 (0%),2026-09-24,Worse score margin vs common opponents,3.31
79,James Sylvestre,Middleville Thornapple Kellogg,overall,1,17,4,307.29,51.9,14.03,33.11,33.11,6.36,115,115,-0.88,-0.88,5,0/3 (0%),11-0 (100%),5-0 (100%),0-4 (0%),2026-10-02,Worse score margin vs common opponents,7.35
80,Adam Redden,Edwardsburg,overall,1,14,2,335.91,55.4,22.43,40.63,40.63,6.07,110,110,-1.63,-1.63,3,3/4 (75%),9-0 (100%),3-2 (60%),,2026-09-29,Lower power rating,4.05
81,Donald Harley,East Lansing,overall,1,8,10,333.43,55.1,12.08,28.86,28.86,5.59,133,133,5.01,5.01,3,1/10 (10%),4-0 (100%),3-3 (50%),1-7 (12%),2026-10-05,Lower power rating,1.69
82,Nestor Cardinaux,Battle Creek Lakeview,overall,1,17,11,312.61,52.6,13.95,28.19,28.19,4.75,115,115,1.59,1.59,8,0/10 (0%),6-0 (100%),8-3 (73%),0-6 (0%),2026-10-03,Lost head-to-head vs player above,5.3
83,Gonzalo Navas,Big Rapids,overall,1,12,5,271.38,47.6,8.57,26.41,26.41,5.95,114,114,-2.08,-2.08,1,0/5 (0%),9-1 (90%),1-0 (100%),0-4 (0%),2026-10-05,Worse score margin vs common opponents,3.56
84,Wesley Goodspeed,Allegan,overall,1,21,16,320.86,53.6,16.1,36.79,36.79,6.89,113,113,1.59,1.59,9,3/18 (17%),11-0 (100%),8-4 (67%),1-10 (9%),2026-09-28,Lost head-to-head vs player above,2.67
85,Ryan Higley,Ludington,overall,1,25,8,306.9,51.9,16.45,33.99,33.99,5.85,107,107,0.16,0.16,7,0/6 (0%),13-0 (100%),5-1 (83%),2-5 (29%),2026-10-05,Lost head-to-head vs player above,7.3
86,Terrance Fisher,Paw Paw,overall,1,23,7,307.98,52.0,15.25,32.64,32.64,5.8,109,109,0.29,0.29,9,2/6 (33%),13-0 (100%),9-2 (82%),0-5 (0%),2026-09-29,Worse score margin vs common opponents,5.1
87,Jose Manalese,Livonia Stevenson,overall,1,12,5,277.95,48.4,15.97,35.86,35.86,6.63,97,97,2.07,2.07,2,0/4 (0%),8-0 (100%),2-1 (67%),0-4 (0%),2026-10-02,Lower power rating,3.74
88,Brandon Witt,West Bloomfield FJA,overall,1,9,5,232.67,42.8,3.57,22.0,22.0,6.14,105,105,0.49,0.49,3,0/4 (0%),5-0 (100%),3-2 (60%),0-3 (0%),2026-09-28,Worse score margin vs common opponents,4.92
89,Zac Clouse,Macomb Dakota,overall,1,16,5,257.59,45.9,13.18,30.27,30.27,5.7,93,93,-0.79,-0.79,4,0/5 (0%),11-0 (100%),4-1 (80%),0-4 (0%),2026-10-01,Fewer wins vs common opponents,5.28
90,Zahir Conteras,Brownstown Woodhaven,overall,1,14,3,194.59,38.2,16.13,33.07,33.07,5.64,55,55,-1.33,-1.33,3,1/3 (33%),11-0 (100%),2-0 (100%),1-3 (25%),2026-10-03,Worse score margin vs common opponents,4.89
91,Landon Sparks,Temperance Bedford,overall,1,10,6,253.99,45.4,11.59,29.63,29.63,6.01,96,96,1.94,1.94,2,1/7 (14%),8-0 (100%),2-2 (50%),0-4 (0%),2026-10-01,Worse score margin vs common opponents,4.75
92,Sagar Nandwana,Northville,overall,1,5,14,260.96,46.3,12.63,30.82,30.82,6.07,95,95,9.6,9.6,2,0/14 (0%),2-0 (100%),2-1 (67%),1-13 (7%),2026-10-03,Worse score margin vs common opponents,3.95
93,Liam Tervo,Auburn Hills Avondale,overall,1,10,3,296.33,50.6,16.38,36.79,36.79,6.8,106,106,-1.34,-1.34,2,0/2 (0%),7-0 (100%),2-1 (67%),0-2 (0%),2026-10-05,Lower power rating,3.67
94,Quentin Lefebvre,Ortonville Brandon,overall,1,9,2,269.35,47.3,16.26,35.82,35.82,6.52,93,93,0.94,0.94,1,1/3 (33%),7-0 (100%),1-0 (100%),0-2 (0%),2026-09-29,Worse score margin vs common opponents,3.84
95,Levi Adema,Grandville Calvin Christian,overall,1,18,5,288.07,49.6,13.85,31.52,31.52,5.89,105,105,-0.47,-0.47,6,0/5 (0%),9-0 (100%),6-1 (86%),0-4 (0%),2026-10-02,Lower power rating,2.95
96,Alex Dull,Spring Lake,overall,1,13,12,237.54,43.4,8.21,26.67,26.67,6.15,95,95,3.86,3.86,3,0/12 (0%),8-0 (100%),3-2 (60%),0-10 (0%),2026-10-02,Lost head-to-head vs player above,3.29
97,Max Hong,Saline,overall,1,4,18,186.53,37.2,-1.57,19.52,19.52,7.03,94,94,9.68,9.68,1,0/17 (0%),2-0 (100%),1-5 (17%),0-12 (0%),2026-10-03,Lower power rating,1.3
98,Chandler Pryor,Saginaw Heritage,overall,1,13,4,310.35,52.3,18.23,34.6,34.6,5.46,106,106,-0.74,-0.74,5,1/4 (25%),5-0 (100%),5-3 (62%),0-1 (0%),2026-10-01,Worse score margin vs common opponents,2.35
99,Vincent Niegir,Midland Bullock Creek,overall,1,5,0,282.18,48.9,20.5,39.42,39.42,6.31,89,89,-2.8,-2.8,2,,3-0 (100%),2-0 (100%),,2026-10-05,Worse score margin vs common opponents,2.91
100,Soren Traver,Holland West Ottawa,overall,1,6,15,219.51,41.2,4.69,20.65,20.65,5.32,96,96,5.02,5.02,1,0/13 (0%),4-0 (100%),1-5 (17%),0-9 (0%),2026-10-02,Lower power rating,2.22
101,Max Vargo,St. Clair,overall,1,13,18,229.61,42.5,8.21,25.99,25.99,5.92,92,92,2.99,2.99,2,0/16 (0%),10-1 (91%),2-8 (20%),0-8 (0%),2026-10-03,Lower power rating,1.68
102,Casey Jackson,Traverse City St Francis,overall,1,8,16,239.11,43.6,8.97,26.89,26.89,5.97,93,93,4.44,4.44,4,0/14 (0%),4-1 (80%),4-3 (57%),0-10 (0%),2026-09-26,Worse score margin vs common opponents,1.68
103,Justus Rowland,New Buffalo / Bridgman / Lake Michigan Catholic (LMC),overall,1,10,4,226.71,42.1,9.38,29.37,29.37,6.66,90,90,-3.53,-3.53,1,1/4 (25%),8-0 (100%),2-3 (40%),0-1 (0%),2026-10-05,Worse score margin vs common opponents,1.12
104,Noah Ray,Kalamazoo Hackett Catholic Prep,overall,1,12,13,227.6,42.2,9.31,25.37,25.37,5.35,89,89,0.01,0.01,2,1/11 (9%),10-0 (100%),2-9 (18%),0-4 (0%),2026-10-05,Lost head-to-head vs player above,1.07
105,Caleb Levandoski,Zeeland West,overall,1,8,20,221.59,41.5,6.4,23.94,23.94,5.85,92,92,5.14,5.14,2,0/19 (0%),4-0 (100%),2-5 (29%),1-15 (6%),2026-10-05,Worse score margin vs common opponents,0.2
106,David Aguirre,Mount Pleasant,overall,1,8,4,243.5,44.1,12.68,31.1,31.1,6.14,89,89,-1.89,-1.89,2,0/4 (0%),6-0 (100%),2-2 (50%),0-2 (0%),2026-10-01,Lower power rating,0.02
107,Aiden Rovoll,Midland,overall,1,15,8,212.11,40.3,9.48,27.7,27.7,6.07,81,81,-0.67,-0.67,2,2/8 (25%),11-0 (100%),3-5 (38%),0-3 (0%),2026-10-05,Lost head-to-head vs player above,3.0
108,Neel Natarajan,Plymouth,overall,1,4,9,219.51,41.2,6.21,22.33,22.33,5.37,93,93,1.84,1.84,1,0/8 (0%),3-1 (75%),1-3 (25%),0-4 (0%),2026-10-03,Lower power rating,-0.18
109,Thomas Dwan,Bay City John Glenn,overall,1,14,1,258.02,45.9,17.33,42.2,42.2,8.29,86,86,-4.42,-4.42,1,1/2 (50%),13-0 (100%),1-0 (100%),0-1 (0%),2026-10-05,Worse score margin vs common opponents,4.52
110,Marcelo Rocha,Oxford,overall,1,9,5,194.81,38.2,5.92,25.81,25.81,6.63,81,81,0.31,0.31,2,1/6 (17%),6-0 (100%),3-2 (60%),0-3 (0%),2026-10-06,Lower power rating,2.08
111,Theodor Kazanmashev,Dearborn,overall,1,9,3,206.6,39.6,6.95,23.23,23.23,5.43,85,85,-2.46,-2.46,2,1/4 (25%),5-0 (100%),2-2 (50%),0-1 (0%),2026-10-03,Lower power rating,1.12
112,Evan Mann,Grandville,overall,1,6,16,193.14,38.0,0.59,16.31,16.31,5.24,93,93,5.32,5.32,1,0/15 (0%),5-0 (100%),1-5 (17%),0-11 (0%),2026-10-02,Lower power rating,-0.38
113,Will Meinhart,Alpena,overall,1,9,5,216.09,40.8,11.83,29.73,29.73,5.97,78,78,-1.29,-1.29,1,0/5 (0%),8-0 (100%),1-1 (50%),0-3 (0%),2026-09-28,Worse score margin vs common opponents,1.96
114,Jakob Rietema,Grand Rapids Forest Hills Central,overall,1,5,15,156.08,33.5,0.35,21.46,21.46,7.03,75,75,8.58,8.58,0,1/15 (7%),3-0 (100%),,1-15 (6%),2026-10-05,Worse score margin vs common opponents,2.72
115,Noah Dapprich,Grand Rapids NorthPointe Christian,overall,1,13,13,202.56,39.1,9.92,26.25,26.25,5.44,75,75,-0.23,-0.23,2,0/12 (0%),10-1 (91%),2-5 (29%),0-5 (0%),2026-10-05,Fewer wins vs common opponents,1.79
116,Daniel Steenwyk,Zeeland East,overall,1,5,23,206.56,39.6,4.27,20.08,20.08,5.27,90,90,4.38,4.38,2,0/22 (0%),3-2 (60%),2-6 (25%),0-15 (0%),2026-10-02,Worse score margin vs common opponents,-0.55
117,Hudson Badger,Battle Creek Pennfield,overall,1,11,5,172.14,35.4,15.03,34.58,34.58,6.52,48,48,-1.15,-1.15,1,0/5 (0%),10-0 (100%),1-1 (50%),0-4 (0%),2026-10-05,Worse score margin vs common opponents,2.9
118,Grant Snook,Holt,overall,1,10,17,172.59,35.5,4.36,22.78,22.78,6.14,73,73,3.51,3.51,2,1/17 (6%),7-1 (88%),1-5 (17%),1-9 (10%),2026-10-06,Lower power rating,0.45
119,Noah Burd,Hartland,overall,1,12,10,183.58,36.8,3.24,19.89,19.89,5.55,84,84,-1.39,-1.39,0,2/11 (18%),12-2 (86%),0-5 (0%),0-2 (0%),2026-10-05,Worse score margin vs common opponents,0.06
120,Brayden Tomson,Wayland,overall,1,7,8,179.4,36.3,6.5,22.32,22.32,5.27,73,73,-1.35,-1.35,1,0/8 (0%),5-2 (71%),1-2 (33%),0-4 (0%),2026-10-02,Lower power rating,-3.71
121,Patrick Latchana,Grand Rapids West Catholic,overall,1,8,13,152.5,33.0,1.18,17.39,17.39,5.4,72,72,2.15,2.15,1,1/13 (8%),7-1 (88%),1-5 (17%),0-7 (0%),2026-10-02,Lost head-to-head vs player above,0.11
122,Roger Bao,Portage Northern,overall,1,7,10,169.09,35.1,5.52,20.17,20.17,4.88,67,67,2.84,2.84,4,1/11 (9%),3-0 (100%),3-2 (60%),1-7 (12%),2026-10-05,Worse score margin vs common opponents,1.61
123,Rami Itawi,Kalamazoo Loy Norrix,overall,1,12,10,152.82,33.1,4.8,22.21,22.21,5.8,62,62,0.53,0.53,3,1/11 (9%),7-0 (100%),3-3 (50%),0-6 (0%),2026-10-05,Lost head-to-head vs player above,0.35
124,Nicholas Schulz,Fenton,overall,1,12,8,175.25,35.8,7.99,26.22,26.22,6.08,68,68,-1.51,-1.51,0,1/9 (11%),11-1 (92%),0-5 (0%),0-2 (0%),2026-09-29,Lower power rating,-0.46
125,Levi Lengemann,Imlay City,overall,1,14,3,201.69,39.0,19.39,38.36,38.36,6.32,53,53,-5.66,-5.66,1,0/3 (0%),11-0 (100%),1-3 (25%),,2026-10-05,Worse score margin vs common opponents,0.71
126,Eli Betancourt,Grand Rapids Catholic Central,overall,1,9,17,132.34,30.6,-2.73,16.1,16.1,6.28,71,71,1.96,1.96,2,1/18 (6%),6-2 (75%),2-8 (20%),0-6 (0%),2026-10-05,Lower power rating,-2.14
127,Wyatt Burger,Whitehall,overall,1,7,11,187.7,37.3,9.05,25.66,25.66,5.53,71,71,0.81,0.81,0,0/11 (0%),6-3 (67%),0-3 (0%),0-4 (0%),2026-09-29,Fewer wins vs common opponents,-2.34
128,Gavin Miller,North Muskegon,overall,1,16,13,158.36,33.7,3.98,19.92,19.92,5.31,70,70,-3.2,-3.2,0,1/14 (7%),16-4 (80%),0-7 (0%),0-2 (0%),2026-10-05,Lost head-to-head vs player above,-2.84
129,Brock Kaufman,Sandusky,overall,1,18,2,182.66,36.7,16.3,35.96,35.96,6.55,52,52,-5.83,-5.83,0,4/6 (67%),16-0 (100%),0-2 (0%),,2026-09-29,Worse score margin vs common opponents,0.47
130,Gavin Beck,Williamston,overall,1,6,15,144.49,32.1,1.45,19.22,19.22,5.92,67,67,3.38,3.38,1,0/15 (0%),5-2 (71%),1-3 (25%),0-10 (0%),2026-10-03,Lower power rating,-1.57
131,Sullivan Bryant,Dearborn Divine Child,overall,1,14,6,136.04,31.0,6.43,24.98,24.98,6.18,51,51,-2.35,-2.35,2,0/5 (0%),12-0 (100%),2-2 (50%),0-4 (0%),2026-10-05,Worse score margin vs common opponents,2.85
132,Rowan Shell,West Bloomfield,overall,1,8,10,112.48,28.1,1.78,19.19,19.19,5.81,50,50,4.12,4.12,1,2/12 (17%),5-0 (100%),1-4 (20%),0-6 (0%),2026-10-03,Lower power rating,1.52
133,Mason Bellinger,Stevensville Lakeshore,overall,1,7,8,89.29,25.3,-1.14,19.59,19.59,6.91,46,46,-0.09,-0.09,2,1/9 (11%),5-0 (100%),2-2 (50%),0-5 (0%),2026-10-05,Lower power rating,0.3
134,Guilherme Pozzi,Hamilton,overall,1,8,8,98.18,26.4,-0.81,15.42,15.42,5.41,50,50,1.33,1.33,1,1/9 (11%),6-1 (86%),1-2 (33%),0-5 (0%),2026-10-02,Fewer wins vs common opponents,0.38
135,Carter Oswald,Sturgis,overall,1,13,12,118.89,28.9,8.99,27.6,27.6,6.2,35,35,1.81,1.81,2,2/14 (14%),9-0 (100%),3-3 (50%),0-7 (0%),2026-10-05,Worse score margin vs common opponents,1.24
136,Jake Worgess,Richland Gull Lake,overall,1,6,12,96.9,26.2,1.28,19.53,19.53,6.08,45,45,0.91,0.91,0,0/11 (0%),5-1 (83%),0-3 (0%),0-6 (0%),2026-10-03,Worse score margin vs common opponents,0.24
137,Jackson Atwell,South Lyon,overall,1,5,8,88.45,25.2,5.38,23.55,23.55,6.06,30,30,3.0,3.0,0,0/7 (0%),5-1 (83%),0-3 (0%),0-3 (0%),2026-10-02,Worse score margin vs common opponents,0.0
138,Kohl Brown,Ovid-Elsie,overall,1,11,2,131.58,30.5,9.12,28.64,28.64,6.51,45,45,-8.18,-8.18,0,0/2 (0%),10-0 (100%),0-2 (0%),,2026-10-05,Lower power rating,-0.02
139,Landon Enderich,Vicksburg,overall,1,5,15,102.57,26.9,6.56,22.24,22.24,5.23,34,34,3.49,3.49,0,1/15 (7%),5-1 (83%),0-6 (0%),0-7 (0%),2026-09-29,Lower power rating,-0.94
140,Carson Wiser,Otsego,overall,1,9,8,115.02,28.5,10.53,26.41,26.41,5.29,32,32,-3.33,-3.33,0,0/7 (0%),9-3 (75%),0-4 (0%),,2026-10-05,Lost head-to-head vs player above,-1.77
141,Liam Eighmey,Gibraltar Carlson,overall,1,9,14,122.3,29.3,6.42,22.36,22.36,5.31,45,45,0.29,0.29,0,2/15 (13%),9-1 (90%),0-8 (0%),0-5 (0%),2026-09-29,Lower power rating,-2.71
142,David Fifelski,Dexter,overall,1,4,13,85.09,24.8,3.36,21.5,21.5,6.05,33,33,4.56,4.56,0,0/13 (0%),4-1 (80%),0-4 (0%),0-7 (0%),2026-09-29,Worse score margin vs common opponents,-2.06
143,Logan Messenger,Battle Creek Harper Creek,overall,1,10,5,83.17,24.6,6.45,22.15,22.15,5.23,26,26,-2.26,-2.26,0,3/8 (38%),9-1 (90%),0-2 (0%),0-2 (0%),2026-10-05,Worse score margin vs common opponents,-1.01
144,Cooper Sowerby,Caledonia,overall,1,3,18,75.82,23.7,-1.94,16.52,16.52,6.16,42,42,3.05,3.05,0,0/18 (0%),3-3 (50%),0-6 (0%),0-8 (0%),2026-10-02,Lower power rating,-3.21
145,Tyler Clark,Portland,overall,1,10,10,181.76,36.6,10.04,26.83,26.83,5.6,66,66,-0.98,-0.98,0,0/10 (0%),10-3 (77%),0-2 (0%),0-5 (0%),2026-10-02,Worse score margin vs common opponents,-3.56
146,Griffin Jones,Flushing,overall,1,7,15,70.51,23.0,-3.12,16.76,16.76,6.63,43,43,0.16,0.16,0,2/14 (14%),6-4 (60%),0-7 (0%),0-4 (0%),2026-09-29,Lower power rating,-4.98
147,aidan o'dell,Bay City Western,overall,1,8,16,133.15,30.7,9.85,27.79,27.79,5.98,42,42,-0.24,-0.24,0,2/18 (11%),6-2 (75%),0-12 (0%),0-2 (0%),2026-10-05,Lost head-to-head vs player above,-4.3
148,Connor Scofield,Lansing Waverly,overall,1,4,7,70.39,23.0,-1.47,16.87,16.87,6.11,39,39,-0.62,-0.62,0,0/6 (0%),3-0 (100%),0-4 (0%),0-2 (0%),2026-10-05,Worse score margin vs common opponents,-2.23
149,Colton Pritchard,Essexville Garber,overall,1,8,9,100.5,26.7,4.03,21.7,21.7,5.89,41,41,-3.34,-3.34,0,2/10 (20%),8-4 (67%),0-5 (0%),,2026-10-05,Lower power rating,-3.59
150,Connor Possehn,Lake Odessa Lakewood,overall,1,7,6,106.32,27.4,6.28,22.01,22.01,5.24,38,38,-2.31,-2.31,0,1/6 (17%),6-3 (67%),0-2 (0%),0-1 (0%),2026-10-02,Worse score margin vs common opponents,-3.68
151,Ryan Marciniak,Bay City Central,overall,1,6,12,32.77,18.4,-8.97,9.99,9.99,6.32,39,39,-0.83,-0.83,0,2/13 (15%),5-4 (56%),0-6 (0%),0-2 (0%),2026-10-05,Lower power rating,-6.43
152,JB Park,Lansing Christian School,overall,1,1,3,73.88,23.4,-0.13,17.7,17.7,5.94,38,38,-2.99,-2.99,0,0/3 (0%),1-2 (33%),0-1 (0%),,2026-10-02,Worse score margin vs common opponents,-7.54
153,Siddharth Srivastava,Flint Powers Catholic,overall,1,4,10,66.69,22.5,-1.42,16.5,16.5,5.97,37,37,-0.44,-0.44,0,1/11 (9%),4-3 (57%),0-3 (0%),0-4 (0%),2026-10-06,Lost head-to-head vs player above,-6.8
154,Braxton Heuker,Cadillac,overall,1,7,11,108.66,27.7,9.92,26.06,26.06,5.38,29,29,2.04,2.04,0,1/12 (8%),5-0 (100%),0-3 (0%),0-6 (0%),2026-09-28,Worse score margin vs common opponents,-1.37
155,Isaiah Sheckler,Sparta,overall,1,10,11,76.94,23.8,4.75,21.56,21.56,5.61,27,27,-1.69,-1.69,0,1/12 (8%),10-1 (91%),0-5 (0%),0-5 (0%),2026-09-28,Lost head-to-head vs player above,-1.22
156,Alex Nowak,Three Rivers,overall,1,8,7,70.17,23.0,3.41,20.33,20.33,5.64,27,27,-1.87,-1.87,0,0/5 (0%),8-3 (73%),0-4 (0%),,2026-10-05,Lower power rating,-1.28
157,George Haan,Kalamazoo Christian,overall,1,8,15,26.42,17.6,-5.11,12.9,12.9,6.01,26,26,-0.11,-0.11,0,1/15 (7%),7-0 (100%),0-10 (0%),0-5 (0%),2026-10-03,Worse score margin vs common opponents,-3.56
158,Alec Cicotte,Milan,overall,1,7,9,58.86,21.6,2.3,23.79,23.79,7.16,24,24,-1.36,-1.36,0,0/8 (0%),7-1 (88%),0-4 (0%),0-3 (0%),2026-10-01,Worse score margin vs common opponents,-0.66
159,Carlwyn Lerias,Clinton Township Chippewa Valley,overall,1,11,6,85.46,24.8,8.44,23.87,23.87,5.15,21,21,-0.56,-0.56,1,1/7 (14%),9-0 (100%),1-4 (20%),0-2 (0%),2026-09-29,Worse score margin vs common opponents,1.82
160,Augusto Garbari,Chelsea,overall,1,2,2,50.41,20.6,3.37,22.96,22.96,6.53,17,17,-0.95,-0.95,0,0/2 (0%),2-0 (100%),0-1 (0%),0-1 (0%),2026-10-03,Lower power rating,0.41
161,Eric Brown,Almont,overall,1,7,7,84.34,24.7,10.81,28.97,28.97,6.06,16,16,-3.51,-3.51,0,2/7 (29%),6-3 (67%),0-4 (0%),,2026-10-05,Lower power rating,-0.78
162,Noah Stevens,Marysville,overall,1,9,3,104.05,27.1,13.24,31.23,31.23,6.0,20,20,-4.47,-4.47,0,0/3 (0%),8-1 (89%),0-1 (0%),0-1 (0%),2026-09-29,Worse score margin vs common opponents,-0.61
163,Nathan Cumings,Jackson Northwests,overall,1,10,10,58.35,21.5,2.45,21.28,21.28,6.28,23,23,0.07,0.07,0,1/9 (11%),9-3 (75%),0-2 (0%),0-5 (0%),2026-10-06,Lower power rating,-1.44
164,Marek Susta,Greenville,overall,1,12,9,55.41,21.2,2.14,19.07,19.07,5.65,23,23,-2.66,-2.66,0,2/11 (18%),10-3 (77%),1-4 (20%),0-2 (0%),2026-09-28,Lower power rating,-1.72
165,Braylon Donnay,Walled Lake Northern,overall,1,5,11,34.45,18.6,0.65,20.33,20.33,6.56,15,15,2.38,2.38,0,0/10 (0%),4-2 (67%),0-6 (0%),0-3 (0%),2026-10-02,Lower power rating,-1.82
166,Lucas Gomez-Rodriguez,Tecumseh,overall,1,4,7,27.28,17.7,-1.55,17.16,17.16,6.24,17,17,2.0,2.0,0,0/5 (0%),4-2 (67%),0-2 (0%),0-2 (0%),2026-09-29,Lower power rating,-1.86
167,Griffin Thomas,Lake Fenton,overall,1,6,9,21.32,17.0,-6.92,9.84,9.84,5.59,28,28,-0.26,-0.26,0,0/8 (0%),4-4 (50%),0-2 (0%),0-3 (0%),2026-10-06,Lower power rating,-6.16
168,Kevin Defrenn,Owosso,overall,1,7,8,79.41,24.1,7.16,24.87,24.87,5.9,22,22,-0.88,-0.88,0,1/9 (11%),6-3 (67%),0-3 (0%),0-2 (0%),2026-10-06,Lost head-to-head vs player above,-3.08
169,Joe Searls,Coldwater,overall,1,5,11,64.31,22.3,4.72,21.9,21.9,5.72,21,21,-2.67,-2.67,0,0/9 (0%),5-5 (50%),0-4 (0%),0-1 (0%),2026-09-28,Lower power rating,-3.85
170,Nikolas Barbes,Fraser,overall,1,8,12,66.99,22.6,5.78,23.41,23.41,5.88,19,19,0.1,0.1,0,1/13 (8%),6-3 (67%),0-5 (0%),0-4 (0%),2026-10-06,Lower power rating,-5.36
171,Luke Vanderwall,Muskegon Western Michigan Christian,overall,1,6,14,21.54,17.0,-2.4,14.62,14.62,5.67,17,17,-1.01,-1.01,0,0/14 (0%),5-7 (42%),0-2 (0%),0-5 (0%),2026-09-29,Lower power rating,-7.0
172,Eli VanGroningen,Lowell,overall,1,3,18,-31.66,10.5,-13.35,7.02,7.02,6.79,18,18,-1.87,-1.87,0,1/18 (6%),3-10 (23%),0-5 (0%),0-3 (0%),2026-09-26,Worse score margin vs common opponents,-9.18
173,Jaiden Ferguson,Grand Rapids Kenowa Hills,overall,1,6,5,36.41,18.8,1.12,17.6,17.6,5.49,17,17,-6.46,-6.46,0,0/4 (0%),6-3 (67%),0-2 (0%),,2026-09-24,Lost head-to-head vs player above,-5.22
174,Lon Pringle,Eaton Rapids,overall,1,7,8,28.15,17.8,-0.56,19.7,19.7,6.75,16,16,-2.25,-2.25,0,0/7 (0%),6-3 (67%),0-2 (0%),0-3 (0%),2026-10-05,Worse score margin vs common opponents,-4.02
175,Ryan Ursescu,Macomb L'Anse Creuse North,overall,1,6,17,21.15,17.0,-2.45,14.58,14.58,5.67,16,16,2.7,2.7,0,1/18 (6%),4-2 (67%),0-10 (0%),0-5 (0%),2026-10-06,Lower power rating,-4.23
176,Jack Murray,Ferndale,overall,1,11,4,71.97,23.2,8.94,29.06,29.06,6.71,15,15,-5.57,-5.57,0,1/4 (25%),9-1 (90%),0-2 (0%),0-1 (0%),2026-10-05,Worse score margin vs common opponents,-2.25
177,Vihaan Jois,Ypsilanti,overall,1,1,5,30.17,18.1,0.29,18.92,18.92,6.21,14,14,1.41,1.41,0,0/4 (0%),1-0 (100%),0-2 (0%),0-1 (0%),2026-09-24,Lower power rating,-3.64
178,Joseph Small,Utica,overall,1,4,12,36.56,18.9,1.05,16.89,16.89,5.28,15,15,2.62,2.62,0,0/12 (0%),3-2 (60%),0-5 (0%),0-5 (0%),2026-09-29,Lower power rating,-5.55
179,Wyatt Walker,Port Huron Northern,overall,1,5,10,27.68,17.8,-0.03,15.92,15.92,5.32,13,13,0.6,0.6,1,0/9 (0%),4-2 (67%),1-6 (14%),0-2 (0%),2026-09-29,Lost head-to-head vs player above,-2.6
180,Blake O'Connor,Croswell-Lexington,overall,1,4,2,73.07,23.3,10.27,28.89,28.89,6.21,12,12,-4.72,-4.72,0,0/2 (0%),4-0 (100%),0-2 (0%),,2026-10-05,Worse score margin vs common opponents,-3.38
181,Aryan Chaoji,Canton,overall,1,4,8,-10.97,13.1,-6.04,14.99,14.99,7.01,9,9,2.38,2.38,0,2/8 (25%),4-2 (67%),0-3 (0%),0-3 (0%),2026-10-03,Lower power rating,-3.48
182,Cooper Thibo,Holly,overall,1,4,12,11.52,15.8,-2.95,17.4,17.4,6.78,13,13,0.47,0.47,0,1/12 (8%),4-4 (50%),0-5 (0%),0-3 (0%),2026-09-29,Lower power rating,-6.04
183,Henrik Ketner,Muskegon Reeths-Puffer,overall,1,5,16,-8.41,13.4,-7.71,10.18,10.18,5.96,15,15,0.25,0.25,0,0/15 (0%),5-7 (42%),0-4 (0%),0-4 (0%),2026-10-02,Lower power rating,-7.24
184,Mason Rop,Cedar Springs,overall,1,4,12,31.7,18.3,0.32,18.21,18.21,5.96,16,16,-3.85,-3.85,0,2/14 (14%),4-9 (31%),0-2 (0%),0-1 (0%),2026-09-29,Fewer wins vs common opponents,-8.32
185,Lance Osterhart,Coopersville,overall,1,5,13,-16.45,12.4,-8.48,8.34,8.34,5.61,14,14,-4.14,-4.14,0,1/10 (10%),4-10 (29%),0-1 (0%),0-1 (0%),2026-09-24,Lost head-to-head vs player above,-8.96
186,Harrison Nessel,Marshall,overall,1,2,18,-74.11,5.3,-20.29,2.61,2.61,7.63,14,14,-1.34,-1.34,0,0/17 (0%),2-12 (14%),0-3 (0%),0-2 (0%),2026-10-05,Lower power rating,-9.04
187,Andrew Eppler,Pinckney,overall,1,4,9,8.39,15.4,-3.25,13.7,13.7,5.65,13,13,-2.78,-2.78,0,0/7 (0%),3-5 (38%),0-2 (0%),0-1 (0%),2026-09-30,Lost head-to-head vs player above,-6.18
188,Blake Stevens,Milford,overall,1,4,6,36.4,18.8,3.65,23.29,23.29,6.55,8,8,1.22,1.22,1,0/6 (0%),3-1 (75%),1-3 (25%),0-2 (0%),2026-10-02,Worse score margin vs common opponents,-1.76
189,Sawyer Jordan,Walled Lake Western,overall,1,5,3,34.85,18.7,4.18,23.54,23.54,6.46,6,6,0.82,0.82,1,2/5 (40%),4-1 (80%),1-0 (100%),0-2 (0%),2026-10-02,Lost head-to-head vs player above,-0.86
190,Huy Nguyen,Warren Mott,overall,1,9,4,88.26,25.2,15.45,33.47,33.47,6.01,7,7,-6.1,-6.1,0,1/4 (25%),8-2 (80%),0-2 (0%),,2026-09-29,Lower power rating,-2.48
191,Vignesh Senthil,Livonia Churchill,overall,1,3,12,-26.48,11.2,-7.13,10.77,10.77,5.97,4,4,2.29,2.29,0,0/12 (0%),2-2 (50%),0-6 (0%),0-3 (0%),2026-10-02,Lower power rating,-2.65
192,Tommy Cox,Fowlerville,overall,1,8,12,14.03,16.1,-1.07,16.53,16.53,5.87,10,10,-1.29,-1.29,0,0/12 (0%),8-5 (62%),0-1 (0%),0-6 (0%),2026-10-06,Lower power rating,-3.5
193,Clayton Shortridge,Bronson,overall,1,7,2,22.15,17.1,3.25,18.75,18.75,5.17,5,5,-8.31,-8.31,0,2/4 (50%),6-2 (75%),,,2026-09-28,Lower power rating,-4.41
194,Colin Hill,Armada,overall,1,6,6,24.17,17.4,1.52,18.94,18.94,5.81,9,9,-2.9,-2.9,0,2/8 (25%),3-2 (60%),0-4 (0%),,2026-10-05,Lower power rating,-4.64
195,Lucas Wright,Trenton,overall,1,7,12,37.39,19.0,4.83,21.7,21.7,5.62,7,7,-1.59,-1.59,0,1/12 (8%),7-3 (70%),0-6 (0%),0-3 (0%),2026-10-03,Lower power rating,-4.74
196,Parker Marcus,Clio,overall,1,9,9,-19.28,12.0,-7.9,9.85,9.85,5.92,11,11,-3.63,-3.63,0,1/10 (10%),7-5 (58%),0-2 (0%),0-1 (0%),2026-09-29,Lower power rating,-7.17
197,Phillip Sturtz,Saginaw Nouvel Catholic Central,overall,1,4,7,26.69,17.7,3.29,18.83,18.83,5.18,6,6,-3.63,-3.63,0,0/6 (0%),3-2 (60%),0-3 (0%),,2026-09-25,Worse score margin vs common opponents,-5.06
198,Emmett Verhelle,Yale,overall,1,6,16,-0.64,14.3,-2.43,16.76,16.76,6.4,7,7,-5.0,-5.0,0,0/14 (0%),6-8 (43%),0-5 (0%),,2026-10-05,Worse score margin vs common opponents,-7.19
199,Nalin Soundararajan,Sterling Heights Stevenson,overall,1,8,8,13.66,16.1,-0.48,16.7,16.7,5.73,9,9,-3.98,-3.98,0,0/8 (0%),5-4 (56%),0-3 (0%),,2026-10-01,Worse score margin vs common opponents,-7.74
200,Tanvir Ahmed,Hamtramck,overall,1,6,13,-19.07,12.1,-5.52,11.36,11.36,5.63,5,5,-3.04,-3.04,0,0/11 (0%),5-7 (42%),0-5 (0%),0-1 (0%),2026-10-05,Lost head-to-head vs player above,-6.71
201,Carter Dietlin,Marine City,overall,1,6,7,53.41,20.9,8.78,26.1,26.1,5.77,6,6,-5.08,-5.08,0,1/7 (14%),6-5 (55%),0-2 (0%),,2026-09-29,Worse score margin vs common opponents,-5.71
202,Abbas Alsaleem,Dearborn Fordson,overall,1,4,5,36.83,18.9,5.02,23.44,23.44,6.14,6,6,-0.58,-0.58,0,1/6 (17%),3-1 (75%),0-2 (0%),0-2 (0%),2026-10-03,Lower power rating,-7.06
203,Carter Greeneisen,Howell,overall,1,5,6,11.52,15.8,1.57,17.84,17.84,5.42,3,3,-4.71,-4.71,0,1/6 (17%),4-2 (67%),0-2 (0%),0-1 (0%),2026-10-03,Lost head-to-head vs player above,-4.92
204,Alex Wilcox,Caro,overall,1,2,5,-14.35,12.6,-3.17,16.81,16.81,6.66,2,2,-5.01,-5.01,0,0/4 (0%),2-2 (50%),0-3 (0%),,2026-09-28,Lower power rating,-5.48
205,Kelen Croftchek,Elk Rapids,overall,1,3,2,24.59,17.4,4.82,22.69,22.69,5.96,2,2,-7.11,-7.11,0,1/3 (33%),3-1 (75%),0-1 (0%),,2026-09-28,Lower power rating,-6.28
206,Colin O'Neill,Alma,overall,1,4,7,10.83,15.7,0.77,15.61,15.61,4.95,5,5,-6.1,-6.1,0,0/7 (0%),4-4 (50%),0-3 (0%),,2026-09-25,Worse score margin vs common opponents,-7.73
207,Dominic Bravata,Comstock Park,overall,1,7,12,9.16,15.5,-1.98,15.77,15.77,5.91,11,11,-5.96,-5.96,0,2/14 (14%),7-7 (50%),0-5 (0%),,2026-10-02,Lower power rating,-8.17
208,Micah Livingston,Ann Arbor Father Gabriel Richard,overall,1,2,15,-27.09,11.1,-8.85,10.63,10.63,6.49,8,8,2.27,2.27,0,0/15 (0%),1-4 (20%),0-6 (0%),0-5 (0%),2026-09-29,Lower power rating,-8.97
209,Kristopher Tran,Riverview Gabriel Richard,overall,1,4,8,-31.15,10.6,-8.85,10.78,10.78,6.54,7,7,-1.89,-1.89,0,2/10 (20%),3-2 (60%),0-4 (0%),0-2 (0%),2026-09-26,Lost head-to-head vs player above,-9.21
210,Carson Haley,Wyandotte Roosevelt,overall,1,8,13,4.56,15.0,-1.08,15.53,15.53,5.54,5,5,-0.13,-0.13,0,1/13 (8%),6-4 (60%),0-5 (0%),0-4 (0%),2026-10-03,Lost head-to-head vs player above,-6.65
211,Camden Whitfield,Harbor Springs,overall,1,1,7,-7.12,13.5,-1.67,16.13,16.13,5.93,1,1,-1.59,-1.59,0,0/6 (0%),1-2 (33%),0-3 (0%),0-1 (0%),2026-09-28,Lower power rating,-6.73
212,Jonah Wilks,Clawson,overall,1,5,7,19.06,16.7,2.33,20.28,20.28,5.98,5,5,-5.27,-5.27,0,1/8 (12%),4-6 (40%),0-1 (0%),,2026-10-05,Lower power rating,-7.91
213,Toma Dushaj,Sterling Heights,overall,1,4,9,-26.73,11.1,-6.22,12.81,12.81,6.34,4,4,-7.33,-7.33,0,0/8 (0%),4-8 (33%),0-1 (0%),,2026-10-02,Lost head-to-head vs player above,-7.7
214,Sean Hoffman,Plainwell,overall,1,3,12,-45.05,8.9,-10.84,9.2,9.2,6.68,5,5,-1.78,-1.78,0,2/14 (14%),3-7 (30%),0-5 (0%),,2026-09-29,Lower power rating,-7.97
215,Benjamin Burkhart,Kalamazoo Central,overall,1,3,15,-43.99,9.0,-10.42,7.61,7.61,6.01,4,4,0.15,0.15,0,1/16 (6%),3-3 (50%),0-6 (0%),0-5 (0%),2026-10-03,Lost head-to-head vs player above,-8.23
216,Jack Barnes,Royal Oak,overall,1,2,17,-64.89,6.5,-13.64,8.93,8.93,7.52,1,1,2.59,2.59,0,0/13 (0%),1-4 (20%),0-7 (0%),0-5 (0%),2026-09-29,Worse score margin vs common opponents,-5.22
217,Alex Lapka,White Lake Lakeland,overall,1,2,13,-86.85,3.8,-17.52,5.25,5.25,7.59,0,0,1.45,1.45,0,0/11 (0%),1-5 (17%),0-7 (0%),0-1 (0%),2026-10-02,Lower power rating,-6.81
218,Eli Bowens,Mattawan,overall,1,1,4,-16.44,12.4,-3.77,13.86,13.86,5.88,1,1,0.77,0.77,0,0/4 (0%),1-0 (100%),0-2 (0%),0-2 (0%),2026-10-05,Lower power rating,-7.02
219,Evan Bruno,Grand Rapids Ottawa Hills,overall,1,1,6,-34.4,10.2,-7.01,9.32,9.32,5.44,0,0,1.31,1.31,0,0/5 (0%),1-2 (33%),,0-3 (0%),2026-09-28,Lower power rating,-7.04
220,Beau Kirtdoll,Niles,overall,1,2,19,-66.65,6.3,-14.19,9.65,9.65,7.95,2,2,0.56,0.56,0,1/18 (6%),2-9 (18%),0-7 (0%),0-2 (0%),2026-10-05,Lower power rating,-7.9
221,Merrick Hedrich,Livonia Franklin,overall,1,2,15,-69.62,5.9,-15.38,7.19,7.19,7.53,3,3,2.58,2.58,0,0/15 (0%),1-4 (20%),0-8 (0%),0-2 (0%),2026-10-02,Lower power rating,-9.67
222,Cameron Lollar,Garden City,overall,1,2,5,2.17,14.7,-0.08,17.53,17.53,5.87,2,2,-2.9,-2.9,0,0/5 (0%),2-2 (50%),0-2 (0%),0-1 (0%),2026-09-24,Worse score margin vs common opponents,-8.42
223,Trenton Ruttkofsky,Brooklyn Columbia Central,overall,1,1,6,-19.88,12.0,-4.55,15.89,15.89,6.81,2,2,-2.32,-2.32,0,0/6 (0%),1-4 (20%),,0-1 (0%),2026-09-25,Lower power rating,-9.22
224,Nate Portteus,Hillsdale,overall,1,2,4,-18.7,12.1,-3.19,14.23,14.23,5.81,1,1,-9.55,-9.55,0,0/3 (0%),2-4 (33%),,,2026-09-24,Lost head-to-head vs player above,-9.58
225,Beau Bradford,Lapeer,overall,1,3,17,-68.37,6.0,-14.84,9.86,9.86,8.23,3,3,-0.32,-0.32,0,0/16 (0%),3-6 (33%),0-9 (0%),0-1 (0%),2026-10-01,Lower power rating,-11.76
226,Bryce Hoggard,Davison,overall,1,3,13,-31.11,10.6,-6.87,13.47,13.47,6.78,2,2,-1.61,-1.61,0,1/13 (8%),2-6 (25%),0-6 (0%),0-1 (0%),2026-10-01,Lost head-to-head vs player above,-11.46
227,Braxton Losey,Chesaning,overall,1,2,4,-2.61,14.1,-0.19,18.81,18.81,6.33,1,1,-7.35,-7.35,0,1/5 (20%),2-1 (67%),0-2 (0%),,2026-09-22,Lower power rating,-13.06
228,Tristan Ball,Carleton Airport,overall,1,5,18,-35.4,10.1,-7.43,9.7,9.7,5.71,2,2,-4.58,-4.58,0,1/18 (6%),5-11 (31%),0-4 (0%),0-2 (0%),2026-10-03,Lower power rating,-13.23
229,Matthew Giannotti,Belleville,overall,1,1,4,-3.46,14.0,-0.88,18.24,18.24,6.37,1,1,-2.15,-2.15,0,0/4 (0%),1-0 (100%),0-3 (0%),,2026-09-29,Worse score margin vs common opponents,-7.24
230,Waldemar Burmeister,Lansing Eastern,overall,1,2,11,-80.12,4.6,-16.37,5.16,5.16,7.18,0,0,3.4,3.4,0,1/12 (8%),0-5 (0%),0-2 (0%),0-4 (0%),2026-09-30,Lower power rating,-7.84
231,Remy Parker,Fruitport,overall,1,4,14,-38.13,9.7,-7.69,9.37,9.37,5.68,1,1,-3.44,-3.44,0,0/13 (0%),4-7 (36%),0-5 (0%),0-2 (0%),2026-10-02,Lower power rating,-7.97
232,Jackson Hodge,South Haven,overall,1,3,16,-42.63,9.2,-8.82,8.9,8.9,5.91,1,1,-1.05,-1.05,0,0/15 (0%),2-6 (25%),0-9 (0%),0-1 (0%),2026-09-28,Fewer wins vs common opponents,-8.77
233,Micah Wells,Grand Rapids Northview,overall,1,6,13,-23.36,11.5,-4.9,12.12,12.12,5.67,1,1,-1.77,-1.77,0,0/13 (0%),5-5 (50%),0-3 (0%),0-5 (0%),2026-10-02,Worse score margin vs common opponents,-7.64
234,Oliver Balderach,Traverse City West,overall,1,1,5,-25.4,11.3,-5.48,14.25,14.25,6.57,0,0,3.96,3.96,0,1/6 (17%),0-1 (0%),0-1 (0%),0-2 (0%),2026-09-30,Lower power rating,-9.1
235,Malachi Gamble,Niles Brandywine,overall,1,3,12,-44.74,8.9,-9.18,8.74,8.74,5.97,1,1,-1.68,-1.68,0,0/10 (0%),2-6 (25%),0-4 (0%),0-2 (0%),2026-09-28,Lower power rating,-9.56
236,Trenton Higgs,Buchanan,overall,1,2,11,-84.27,4.1,-16.64,1.87,1.87,6.17,0,0,-2.19,-2.19,0,0/10 (0%),2-4 (33%),0-6 (0%),0-1 (0%),2026-10-05,Lost head-to-head vs player above,-9.25
237,Jameson Scott,Flint Kearsley,overall,1,1,15,-55.5,7.6,-11.19,6.5,6.5,5.9,1,1,-3.1,-3.1,0,0/10 (0%),1-12 (8%),0-2 (0%),0-1 (0%),2026-09-29,Lower power rating,-10.62
238,Gavin Wagonsomer,Riverview,overall,1,4,14,-70.94,5.7,-14.12,3.4,3.4,5.84,1,1,-4.77,-4.77,0,0/14 (0%),4-8 (33%),0-2 (0%),0-3 (0%),2026-10-03,Lower power rating,-11.47
239,Todd Schmitz,St Clair Shores Lakeview,overall,1,2,9,-44.99,8.9,-8.99,9.4,9.4,6.13,1,1,-4.11,-4.11,0,0/9 (0%),1-7 (12%),0-1 (0%),0-1 (0%),2026-10-05,Worse score margin vs common opponents,-9.81
240,Jackson Fuller,Ionia,overall,1,1,10,-64.78,6.5,-13.18,7.08,7.08,6.75,1,1,-1.74,-1.74,0,1/11 (9%),1-7 (12%),0-1 (0%),0-2 (0%),2026-10-05,Lower power rating,-12.04
241,McKinley Jones,Frankenmuth,overall,1,4,8,-55.65,7.6,-10.98,7.56,7.56,6.18,1,1,-5.55,-5.55,0,1/9 (11%),2-4 (33%),0-4 (0%),,2026-10-05,Worse score margin vs common opponents,-11.72
242,Zach Glass,Waterford United,overall,1,1,6,-69.08,6.0,-13.95,6.21,6.21,6.72,0,0,1.27,1.27,0,0/6 (0%),1-3 (25%),0-2 (0%),0-1 (0%),2026-09-24,Lower power rating,-12.35
243,Kaleb Pelham,Adrian,overall,1,0,8,-66.86,6.2,-13.33,4.45,4.45,5.93,0,0,-0.41,-0.41,0,0/8 (0%),0-4 (0%),0-1 (0%),0-1 (0%),2026-09-30,Lower power rating,-12.44
244,William Folkema,Fremont,overall,1,2,6,-40.0,9.5,-7.91,11.18,11.18,6.36,1,1,-4.97,-4.97,0,1/7 (14%),1-5 (17%),,0-1 (0%),2026-09-29,Lower power rating,-13.09
245,tommy conroy,Warren Cousino,overall,1,1,5,-32.18,10.5,-6.12,11.24,11.24,5.79,1,1,-7.15,-7.15,0,0/5 (0%),1-5 (17%),,,2026-09-29,Lower power rating,-13.68
246,Bradlie Bell,Warren Woods Tower,overall,1,1,7,-66.02,6.3,-12.53,4.13,4.13,5.55,0,0,-6.78,-6.78,0,0/6 (0%),0-7 (0%),,,2026-09-29,Lost head-to-head vs player above,-13.39
247,Lincoln Richards,Grant,overall,1,1,10,-74.04,5.4,-14.48,3.26,3.26,5.91,0,0,-3.33,-3.33,0,0/9 (0%),1-7 (12%),0-1 (0%),0-2 (0%),2026-09-29,Lower power rating,-13.54
248,Kristian Ward,Dearborn Heights Crestwood,overall,1,0,10,-88.87,3.5,-17.62,2.43,2.43,6.68,0,0,-1.54,-1.54,0,0/10 (0%),0-6 (0%),0-3 (0%),0-1 (0%),2026-10-03,Lower power rating,-13.84
249,Logan Wonch,Charlotte,overall,1,1,13,-117.3,0.1,-23.17,-1.72,-1.72,7.15,0,0,-2.87,-2.87,0,0/12 (0%),0-10 (0%),0-1 (0%),0-2 (0%),2026-10-02,Lower power rating,-14.07
250,Cooper Gensch,Hemlock,overall,1,0,10,-86.16,3.9,-16.77,4.2,4.2,6.99,0,0,-4.67,-4.67,0,0/9 (0%),0-6 (0%),0-3 (0%),,2026-09-25,Lower power rating,-14.31
251,Nicolas Cardosa-Garcia,Lincoln Park,overall,1,0,9,-64.98,6.5,-13.27,8.26,8.26,7.17,0,0,2.74,2.74,0,0/9 (0%),0-3 (0%),0-2 (0%),0-3 (0%),2026-09-28,Lower power rating,-14.32
252,Isaac Jordan,Battle Creek Central,overall,1,0,12,-83.91,4.1,-16.6,3.51,3.51,6.7,0,0,-1.84,-1.84,0,0/12 (0%),0-4 (0%),0-5 (0%),,2026-10-03,Lower power rating,-14.47
253,Terry Secor,Durand,overall,1,0,6,-69.52,5.9,-13.21,3.66,3.66,5.62,0,0,-6.92,-6.92,0,0/5 (0%),0-4 (0%),0-2 (0%),,2026-09-21,Lower power rating,-14.49
254,Aiden Jackson,Richmond,overall,1,2,12,-88.62,3.6,-17.33,3.41,3.41,6.91,0,0,-3.99,-3.99,0,0/12 (0%),1-7 (12%),0-3 (0%),,2026-10-05,Worse score margin vs common opponents,-14.64
255,Will Christensen,Boyne City,overall,1,0,5,-46.08,8.8,-8.54,9.36,9.36,5.97,0,0,-6.76,-6.76,0,0/5 (0%),0-4 (0%),,,2026-09-28,Lower power rating,-15.34
256,Iohan Sanchez,Grand Rapids Union,overall,1,0,8,-73.86,5.4,-14.82,3.88,3.88,6.23,0,0,0.48,0.48,0,0/8 (0%),0-3 (0%),0-2 (0%),0-3 (0%),2026-10-02,Lower power rating,-15.43
257,John Sorovetz,Monroe St Mary Catholic Central,overall,1,0,16,-117.86,0.0,-23.21,-4.18,-4.18,6.34,0,0,-3.64,-3.64,0,0/15 (0%),0-10 (0%),0-4 (0%),0-2 (0%),2026-10-01,Lower power rating,-17.7
258,Minh Le,Wyoming Kelloggsville,overall,1,0,8,-91.54,3.2,-17.78,-0.09,-0.09,5.9,0,0,-5.25,-5.25,0,0/8 (0%),0-5 (0%),0-2 (0%),,2026-10-02,Lower power rating,-17.9
1,Samuel Kole-James,Detroit Country Day,overall,2,16,1,717.25,100.0,36.81,56.03,56.03,6.41,253,253,12.2,12.2,14,2/3 (67%),,,15-1 (94%),2026-09-29,,21.61
2,Trevor Ilitch,Bloomfield Hills Cranbrook Kingswood,overall,2,18,2,701.11,98.1,33.03,52.16,52.16,6.38,252,252,12.72,12.72,17,,,1-0 (100%),16-2 (89%),2026-10-05,Lost head-to-head vs player above,22.72
3,Evan Geisz,Clarkston,overall,2,17,0,669.33,94.4,27.97,51.29,51.29,7.77,251,251,9.74,9.74,15,1/1 (100%),,3-0 (100%),12-0 (100%),2026-10-05,Worse score margin vs common opponents,21.53
4,Andrew Yang,Grand Rapids Forest Hills Northern,overall,2,11,1,698.33,97.8,35.29,53.88,53.88,6.2,251,251,9.57,9.57,10,0/1 (0%),1-0 (100%),3-0 (100%),7-1 (88%),2026-10-05,Lower power rating,19.25
5,Giorgio Materazzo,Birmingham Seaholm,overall,2,6,3,620.65,88.8,20.93,40.23,40.23,6.43,251,251,12.82,12.82,5,0/3 (0%),,1-0 (100%),4-2 (67%),2026-09-29,Lower power rating,16.55
6,Krish Gupta,Troy,overall,2,16,5,649.15,92.1,24.6,42.97,42.97,6.12,250,250,13.16,13.16,13,1/6 (17%),,2-0 (100%),11-5 (69%),2026-10-01,Lost head-to-head vs player above,17.1
7,Braylen Kaiser,Ann Arbor Pioneer,overall,2,18,2,657.37,93.0,26.52,46.05,46.05,6.51,249,249,8.36,8.36,15,0/2 (0%),2-0 (100%),6-0 (100%),9-2 (82%),2026-10-03,Lost head-to-head vs player above,18.21
8,Zev Spiegel,Bloomfield Hills,overall,2,11,5,643.44,91.4,25.75,43.94,43.94,6.06,247,247,11.27,11.27,10,0/5 (0%),,3-0 (100%),7-5 (58%),2026-10-05,Lost head-to-head vs player above,14.54
9,Arnav Bhatia,Novi,overall,2,14,5,639.64,91.0,25.61,41.15,41.15,5.18,245,245,10.04,10.04,11,0/4 (0%),1-0 (100%),5-0 (100%),6-5 (55%),2026-10-03,Lost head-to-head vs player above,15.05
10,Krishaan Shah,Okemos,overall,2,15,6,661.75,93.6,30.15,50.95,50.95,6.93,244,244,9.85,9.85,12,0/5 (0%),3-0 (100%),3-1 (75%),9-5 (64%),2026-10-06,Lost head-to-head vs player above,17.48
11,Marcus Powell,Muskegon Mona Shores,overall,2,23,0,665.26,94.0,31.3,55.48,55.48,8.06,243,243,3.3,3.3,14,,5-0 (100%),6-0 (100%),9-0 (100%),2026-10-02,Worse score margin vs common opponents,20.54
12,Asher Grosso,Holland Christian,overall,2,19,5,647.83,91.9,26.71,44.67,44.67,5.99,242,242,9.36,9.36,17,0/4 (0%),,7-0 (100%),10-5 (67%),2026-10-05,Worse score margin vs common opponents,14.38
13,Terrence He,Byron Center,overall,2,19,5,644.95,91.6,27.8,45.24,45.24,5.82,241,241,8.78,8.78,13,1/6 (17%),3-0 (100%),3-0 (100%),11-5 (69%),2026-10-05,Lost head-to-head vs player above,15.03
14,Chase Martin,Midland Dow,overall,2,26,0,649.09,92.1,31.46,54.49,54.49,7.67,233,233,3.35,3.35,16,,3-0 (100%),12-0 (100%),4-0 (100%),2026-10-05,Worse score margin vs common opponents,18.62
15,Oliver Kolb,Ludington,overall,2,33,1,643.91,91.5,30.71,58.21,58.21,9.17,229,229,1.55,1.55,21,0/1 (0%),11-0 (100%),11-0 (100%),10-1 (91%),2026-10-05,Worse score margin vs common opponents,15.62
16,Joshua Lee,Ann Arbor Skyline,overall,2,6,2,556.36,81.3,16.11,35.53,35.53,6.48,232,232,8.5,8.5,5,0/2 (0%),1-0 (100%),2-0 (100%),3-2 (60%),2026-09-29,Lower power rating,13.62
17,Conner VanDrunnen,East Grand Rapids,overall,2,16,6,613.52,87.9,22.15,39.6,39.6,5.82,240,240,9.43,9.43,12,0/5 (0%),1-0 (100%),6-0 (100%),6-6 (50%),2026-10-05,Lower power rating,13.17
18,Yihang Lin,Rochester Adams,overall,2,10,7,575.83,83.6,17.4,35.5,35.5,6.03,236,236,12.52,12.52,7,0/7 (0%),,3-0 (100%),5-6 (45%),2026-10-05,Worse score margin vs common opponents,12.8
19,Lander Whelan,Ann Arbor Greenhills,overall,2,14,7,619.73,88.7,23.8,40.72,40.72,5.64,239,239,12.29,12.29,11,3/10 (30%),,2-0 (100%),10-7 (59%),2026-10-03,Worse score margin vs common opponents,12.61
20,Luke Yaldo,Bloomfield Hills Brother Rice,overall,2,9,9,558.49,81.6,14.66,33.08,33.08,6.14,234,234,13.26,13.26,7,1/10 (10%),,1-0 (100%),6-9 (40%),2026-10-02,Lost head-to-head vs player above,10.92
21,Donevin Ruchti,St. Joseph,overall,2,21,6,629.84,89.8,27.87,45.26,45.26,5.8,233,233,3.86,3.86,15,0/5 (0%),5-0 (100%),10-0 (100%),5-5 (50%),2026-10-03,Worse score margin vs common opponents,10.27
22,AJ Vondracek,Detroit Catholic Central,overall,2,8,8,503.15,75.1,5.25,24.24,24.24,6.33,231,231,11.66,11.66,6,2/8 (25%),,1-0 (100%),5-7 (42%),2026-09-29,Worse score margin vs common opponents,9.93
23,Broderik Gee,Rockford,overall,2,19,8,641.05,91.1,30.96,46.85,46.85,5.3,230,230,7.36,7.36,15,0/8 (0%),3-0 (100%),7-0 (100%),8-8 (50%),2026-10-05,Lost head-to-head vs player above,11.06
24,Corbin Mitchell,Hudsonville Unity Christian,overall,2,17,8,581.54,84.2,21.0,39.62,39.62,6.21,226,226,6.98,6.98,14,1/9 (11%),1-0 (100%),8-1 (89%),7-6 (54%),2026-10-02,Lost head-to-head vs player above,9.23
25,Carter Smalley,Big Rapids,overall,2,19,4,591.39,85.4,24.83,42.14,42.14,5.77,226,226,3.31,3.31,9,0/4 (0%),7-0 (100%),4-0 (100%),5-4 (56%),2026-10-05,Lost head-to-head vs player above,11.04
26,Cole Konwinski,Ada Forest Hills Eastern,overall,2,19,10,545.39,80.0,14.67,31.95,31.95,5.76,223,223,7.0,7.0,15,1/11 (9%),4-0 (100%),9-0 (100%),6-10 (38%),2026-10-05,Lost head-to-head vs player above,10.38
27,TJ O’Neil,Jackson Lumen Christi,overall,2,27,3,569.84,82.9,21.41,44.0,44.0,7.53,218,218,2.39,2.39,17,2/4 (50%),10-0 (100%),8-0 (100%),9-3 (75%),2026-10-03,Lost head-to-head vs player above,10.75
28,Edwin Seo,Berrien Springs,overall,2,23,2,584.47,84.6,26.63,46.01,46.01,6.46,216,216,2.45,2.45,12,0/2 (0%),8-0 (100%),6-0 (100%),7-2 (78%),2026-10-05,Lost head-to-head vs player above,12.77
29,Eliot Hopkins,Berkley,overall,2,14,4,532.27,78.5,22.54,40.64,40.64,6.03,200,200,5.96,5.96,11,1/5 (20%),3-0 (100%),6-0 (100%),5-4 (56%),2026-09-29,Lower power rating,12.07
30,Arjun Iyer,Ann Arbor Huron,overall,2,10,4,459.52,70.0,16.44,32.8,32.8,5.45,183,183,7.49,7.49,5,0/4 (0%),2-0 (100%),3-0 (100%),2-4 (33%),2026-10-03,Worse score margin vs common opponents,10.71
31,Jonah Brieve,Grand Rapids South Christian,overall,2,21,4,512.5,76.2,20.97,39.8,39.8,6.28,192,192,2.15,2.15,15,0/4 (0%),4-0 (100%),10-0 (100%),5-3 (62%),2026-10-02,Lower power rating,10.29
32,Yurii Polnyi,Grosse Pointe Woods University Liggett,overall,2,17,8,526.26,77.8,16.67,32.38,32.38,5.24,211,211,5.73,5.73,12,0/8 (0%),2-0 (100%),8-0 (100%),5-6 (45%),2026-10-06,Lower power rating,10.14
33,Jake Goins,South Lyon East,overall,2,13,4,577.1,83.7,30.33,47.13,47.13,5.6,207,207,1.71,1.71,7,1/5 (20%),6-0 (100%),4-1 (80%),3-2 (60%),2026-10-02,Lost head-to-head vs player above,7.71
34,Lucas Furness,Brighton,overall,2,13,9,499.94,74.7,17.87,35.75,35.75,5.96,200,200,6.03,6.03,5,1/9 (11%),6-0 (100%),2-0 (100%),3-8 (27%),2026-10-06,Lost head-to-head vs player above,7.9
35,Julian Saputo,Romeo,overall,2,17,5,477.21,72.1,14.85,35.38,35.38,6.84,193,193,3.76,3.76,10,0/4 (0%),5-0 (100%),6-0 (100%),4-5 (44%),2026-10-05,Worse score margin vs common opponents,8.35
36,James Schaffer,Birmingham Groves,overall,2,10,5,466.38,70.8,16.68,34.82,34.82,6.04,184,184,5.82,5.82,8,1/5 (20%),1-0 (100%),6-0 (100%),2-3 (40%),2026-10-03,Worse score margin vs common opponents,9.91
37,Pranshu Gandhe,Northville,overall,2,11,9,457.33,69.8,17.14,33.58,33.58,5.48,179,179,9.16,9.16,6,1/8 (12%),3-0 (100%),2-0 (100%),4-9 (31%),2026-10-03,Lower power rating,9.44
38,Jett Hogan,Grandville Calvin Christian,overall,2,18,5,491.09,73.7,18.65,39.86,39.86,7.07,191,191,1.53,1.53,10,0/4 (0%),7-0 (100%),6-1 (86%),4-4 (50%),2026-10-02,Lower power rating,7.4
39,Jackson Clark,Haslett,overall,2,22,3,473.86,71.7,20.88,41.81,41.81,6.98,175,175,2.79,2.79,12,0/2 (0%),9-0 (100%),5-0 (100%),7-3 (70%),2026-10-06,Worse score margin vs common opponents,10.3
40,Ezra Smith,Allegan,overall,2,27,7,470.67,71.3,18.8,38.07,38.07,6.42,178,178,2.19,2.19,13,0/4 (0%),9-0 (100%),10-0 (100%),3-7 (30%),2026-09-28,Worse score margin vs common opponents,9.11
41,Johnny Alwardt,Macomb L'Anse Creuse North,overall,2,15,3,484.39,72.9,22.97,40.72,40.72,5.92,180,180,0.87,0.87,6,1/4 (25%),6-0 (100%),3-0 (100%),4-3 (57%),2026-10-05,Lower power rating,6.09
42,Jack Zernicke,Holland West Ottawa,overall,2,14,8,443.85,68.2,16.23,32.18,32.18,5.32,174,174,5.25,5.25,8,1/8 (12%),4-0 (100%),5-0 (100%),3-8 (27%),2026-10-02,Worse score margin vs common opponents,7.87
43,Theo Colton,Traverse City Central,overall,2,23,8,450.7,69.0,20.95,43.73,43.73,7.59,161,161,5.78,5.78,14,0/8 (0%),5-0 (100%),10-0 (100%),4-7 (36%),2026-10-05,Worse score margin vs common opponents,11.04
44,Logan Summy,Edwardsburg,overall,2,17,0,389.04,61.9,24.34,47.57,47.57,7.74,129,129,-2.52,-2.52,7,1/1 (100%),8-0 (100%),7-0 (100%),,2026-09-29,Lower power rating,8.93
45,Kade DeMaagd,Richland Gull Lake,overall,2,15,4,387.95,61.7,19.79,38.56,38.56,6.26,138,138,1.89,1.89,8,0/4 (0%),5-0 (100%),7-0 (100%),1-4 (20%),2026-10-03,Worse score margin vs common opponents,10.15
46,Holden Davis,Grand Ledge,overall,2,13,3,432.53,66.9,16.22,33.74,33.74,5.84,172,172,2.75,2.75,4,0/3 (0%),4-0 (100%),4-0 (100%),0-2 (0%),2026-10-05,Lower power rating,7.65
47,Victor Oszi,Holland,overall,2,12,8,426.4,66.2,11.9,30.08,30.08,6.06,177,177,4.65,4.65,7,2/10 (20%),2-0 (100%),7-1 (88%),0-6 (0%),2026-10-05,Lower power rating,5.66
48,Dillon Ray,Kalamazoo Hackett Catholic Prep,overall,2,18,6,466.4,70.8,20.07,37.39,37.39,5.77,177,177,-0.05,-0.05,8,2/7 (29%),9-0 (100%),7-1 (88%),1-5 (17%),2026-10-05,Worse score margin vs common opponents,5.29
49,Grant Coon,Kalamazoo Christian,overall,2,10,13,399.48,63.1,10.55,28.0,28.0,5.82,172,172,2.37,2.37,1,0/12 (0%),8-0 (100%),0-2 (0%),1-10 (9%),2026-10-03,Lost head-to-head vs player above,1.9
50,Dawson Holm,Chelsea,overall,2,16,14,467.34,71.0,22.05,37.69,37.69,5.21,171,171,6.1,6.1,8,0/14 (0%),5-0 (100%),7-0 (100%),1-13 (7%),2026-10-03,Worse score margin vs common opponents,6.64
51,Jackson Wong,Petoskey,overall,2,16,5,426.78,66.2,17.55,35.15,35.15,5.86,160,160,4.86,4.86,11,0/5 (0%),3-0 (100%),9-0 (100%),3-5 (38%),2026-09-23,Worse score margin vs common opponents,7.81
52,Evin Azarian,West Bloomfield,overall,2,11,5,384.64,61.3,6.55,24.16,24.16,5.87,171,171,4.64,4.64,5,1/5 (20%),3-0 (100%),2-1 (67%),3-4 (43%),2026-10-03,Lower power rating,5.21
53,Matthew Bloch,Walled Lake Northern,overall,2,16,2,450.32,69.0,19.49,39.24,39.24,6.58,170,170,1.54,1.54,8,2/3 (67%),6-0 (100%),6-0 (100%),2-2 (50%),2026-10-02,Lost head-to-head vs player above,5.8
54,Gabe Nicholson,Grand Rapids West Catholic,overall,2,11,7,411.17,64.4,13.15,31.36,31.36,6.07,168,168,3.72,3.72,5,1/8 (12%),3-0 (100%),4-0 (100%),1-6 (14%),2026-10-02,Lower power rating,5.1
55,sebastian rodriguez,Grand Rapids Catholic Central,overall,2,12,10,433.41,67.0,18.35,33.28,33.28,4.98,166,166,4.2,4.2,5,0/10 (0%),3-0 (100%),4-2 (67%),2-8 (20%),2026-10-05,Lost head-to-head vs player above,4.14
56,Tyler Sparks,Grand Haven,overall,2,12,10,417.16,65.1,14.49,29.14,29.14,4.89,165,165,5.35,5.35,8,2/12 (17%),4-0 (100%),5-2 (71%),3-7 (30%),2026-10-05,Lost head-to-head vs player above,5.51
57,Saikrish Balaji,Troy Athens,overall,2,9,15,379.38,60.7,7.7,26.39,26.39,6.23,165,165,9.72,9.72,4,0/12 (0%),1-2 (33%),2-1 (67%),2-11 (15%),2026-10-06,Fewer wins vs common opponents,5.03
58,Henry Askew,St. Clair,overall,2,18,9,438.05,67.6,19.12,36.87,36.87,5.92,164,164,1.77,1.77,9,0/6 (0%),7-0 (100%),9-2 (82%),0-7 (0%),2026-09-29,Lower power rating,4.68
59,Shyah Lakind,West Bloomfield FJA,overall,2,11,3,406.91,63.9,17.61,38.49,38.49,6.96,158,158,-0.39,-0.39,2,0/3 (0%),8-0 (100%),1-0 (100%),2-3 (40%),2026-09-28,Worse score margin vs common opponents,4.8
60,Josh Powers,Pontiac Notre Dame Prep,overall,2,14,4,386.49,61.6,14.5,30.86,30.86,5.45,153,153,0.8,0.8,5,1/5 (20%),8-0 (100%),4-0 (100%),1-4 (20%),2026-10-06,Lost head-to-head vs player above,6.37
61,Zayne Sorokin,Grandville,overall,2,10,13,344.71,56.7,10.17,26.14,26.14,5.32,140,140,6.6,6.6,7,0/12 (0%),3-1 (75%),4-1 (80%),3-9 (25%),2026-10-02,Lower power rating,5.91
62,Yibei Guo,Rochester,overall,2,6,11,358.96,58.4,7.58,26.28,26.28,6.23,156,156,9.06,9.06,3,0/11 (0%),2-0 (100%),2-0 (100%),1-11 (8%),2026-10-05,Worse score margin vs common opponents,4.16
63,Pip Bauer,Portage Central,overall,2,12,12,371.52,59.8,9.66,29.12,29.12,6.49,154,154,6.32,6.32,8,0/12 (0%),4-0 (100%),7-1 (88%),1-9 (10%),2026-10-03,Fewer wins vs common opponents,4.33
64,Eli Layson,Utica Eisenhower,overall,2,21,7,394.56,62.5,15.96,31.27,31.27,5.1,151,151,1.33,1.33,8,2/9 (22%),7-0 (100%),8-2 (80%),0-3 (0%),2026-10-05,Lost head-to-head vs player above,4.63
65,Cruz Hewlett,South Lyon,overall,2,8,5,365.46,59.1,12.08,31.19,31.19,6.37,152,152,-1.01,-1.01,1,2/6 (33%),7-0 (100%),0-1 (0%),1-2 (33%),2026-10-02,Worse score margin vs common opponents,3.35
66,Gabriel Smith,Milford,overall,2,7,4,391.35,62.1,18.09,34.25,34.25,5.39,150,150,-1.32,-1.32,1,2/6 (33%),6-1 (86%),1-1 (50%),0-2 (0%),2026-10-02,Lost head-to-head vs player above,-0.91
67,Dhanvin Sureshbabbu,Farmington,overall,2,11,2,378.72,60.7,15.25,31.84,31.84,5.53,149,149,-0.26,-0.26,3,2/4 (50%),7-1 (88%),3-0 (100%),0-1 (0%),2026-10-06,Lost head-to-head vs player above,4.23
68,Eunjun Choi,Rochester Hills Stoney Creek,overall,2,9,13,306.52,52.3,1.09,19.34,19.34,6.08,146,146,6.09,6.09,4,1/12 (8%),4-0 (100%),3-1 (75%),1-11 (8%),2026-10-05,Worse score margin vs common opponents,3.66
69,Christian Gulli,Detroit U-D Jesuit,overall,2,6,11,326.16,54.5,6.05,25.54,25.54,6.5,141,141,9.79,9.79,6,0/11 (0%),,6-0 (100%),0-11 (0%),2026-09-29,Worse score margin vs common opponents,4.96
70,Jackson DuBuc,Royal Oak,overall,2,12,7,382.68,61.1,17.52,35.86,35.86,6.11,145,145,1.05,1.05,3,1/7 (14%),7-1 (88%),3-3 (50%),0-3 (0%),2026-09-29,Fewer wins vs common opponents,2.39
71,Kavaun Gregory,Fenton,overall,2,12,9,377.06,60.5,17.37,34.15,34.15,5.6,144,144,-1.66,-1.66,2,1/7 (14%),9-5 (64%),2-1 (67%),0-3 (0%),2026-09-29,Worse score margin vs common opponents,-1.6
72,Ethan Mattila,Goodrich,overall,2,14,3,306.95,52.3,5.38,23.34,23.34,5.98,139,139,-2.12,-2.12,2,1/4 (25%),12-1 (92%),2-0 (100%),0-2 (0%),2026-10-06,Lost head-to-head vs player above,3.72
73,Dominic Taylor,Lansing Catholic,overall,2,23,4,395.86,62.7,21.22,38.48,38.48,5.75,138,138,0.32,0.32,9,1/4 (25%),11-0 (100%),6-0 (100%),3-4 (43%),2026-10-03,Worse score margin vs common opponents,7.94
74,Kyle Barden,Tecumseh,overall,2,8,3,338.38,56.0,13.99,31.96,31.96,5.99,133,133,1.74,1.74,1,1/3 (33%),5-0 (100%),2-1 (67%),0-1 (0%),2026-09-29,Lower power rating,4.05
75,Dominik Mulder,Cadillac,overall,2,11,6,351.13,57.5,13.35,30.32,30.32,5.66,139,139,3.61,3.61,3,1/6 (17%),5-0 (100%),3-1 (75%),0-5 (0%),2026-09-28,Lower power rating,3.65
76,Gavin Russell,Midland,overall,2,16,6,381.45,61.0,20.54,40.2,40.2,6.56,135,135,2.36,2.36,5,3/9 (33%),9-0 (100%),6-1 (86%),0-5 (0%),2026-10-05,Lost head-to-head vs player above,3.76
77,Drew Wetzel,Dexter,overall,2,8,6,316.39,53.4,9.33,26.42,26.42,5.69,132,132,2.32,2.32,3,0/5 (0%),5-0 (100%),3-2 (60%),0-4 (0%),2026-09-29,Lower power rating,3.32
78,Will Grant,Dewitt,overall,2,12,13,323.31,54.2,10.55,26.02,26.02,5.16,133,133,3.0,3.0,2,0/13 (0%),9-1 (90%),2-1 (67%),0-9 (0%),2026-10-06,Lower power rating,2.47
79,Everett Emery,Lake Orion,overall,2,8,11,295.42,51.0,3.05,20.59,20.59,5.85,139,139,1.28,1.28,1,1/12 (8%),6-0 (100%),1-5 (17%),1-6 (14%),2026-09-28,Lower power rating,-0.52
80,Zaffran Bharucha,Grosse Pointe South,overall,2,6,12,314.79,53.2,8.39,24.64,24.64,5.41,133,133,7.6,7.6,2,1/13 (8%),1-0 (100%),2-1 (67%),1-9 (10%),2026-10-05,Worse score margin vs common opponents,-0.16
81,Evan Clark,Mount Pleasant,overall,2,7,4,326.61,54.6,11.73,31.3,31.3,6.52,133,133,0.79,0.79,1,1/4 (25%),6-0 (100%),1-2 (33%),0-2 (0%),2026-10-01,Worse score margin vs common opponents,1.63
82,Owen Particka,Saginaw Heritage,overall,2,10,4,332.22,55.3,13.5,31.02,31.02,5.84,132,132,-1.68,-1.68,1,1/4 (25%),7-0 (100%),1-3 (25%),,2026-10-01,Lost head-to-head vs player above,2.94
83,Tommy Mccormick,Grand Blanc,overall,2,9,5,305.19,52.1,8.16,28.42,28.42,6.75,131,131,1.65,1.65,1,1/5 (20%),7-0 (100%),1-2 (33%),0-3 (0%),2026-10-01,Lost head-to-head vs player above,3.05
84,Gavin Sullivan,Zeeland East,overall,2,11,17,336.82,55.8,12.52,27.94,27.94,5.14,132,132,5.37,5.37,5,1/16 (6%),3-1 (75%),5-3 (62%),0-13 (0%),2026-10-02,Lower power rating,1.02
85,James Kroschell,Grand Rapids Christian,overall,2,8,18,325.81,54.5,10.31,25.99,25.99,5.23,131,131,6.51,6.51,6,2/19 (11%),2-0 (100%),6-4 (60%),0-13 (0%),2026-10-05,Lost head-to-head vs player above,2.57
86,Liam Haney,Grosse Pointe North,overall,2,9,15,295.12,50.9,4.51,20.04,20.04,5.18,132,132,2.04,2.04,5,1/15 (7%),3-3 (50%),6-4 (60%),0-8 (0%),2026-10-05,Worse score margin vs common opponents,0.04
87,Theo Stafford,Alpena,overall,2,9,6,298.15,51.3,7.53,25.34,25.34,5.94,130,130,0.89,0.89,0,1/7 (14%),8-0 (100%),0-2 (0%),0-4 (0%),2026-09-28,Worse score margin vs common opponents,1.93
88,Eli Feenstra,Hudsonville,overall,2,7,16,287.99,50.1,3.69,22.14,22.14,6.15,130,130,7.05,7.05,4,0/16 (0%),3-0 (100%),2-2 (50%),2-10 (17%),2026-10-02,Worse score margin vs common opponents,4.41
89,Porter Martin,Maple City Glen Lake,overall,2,14,12,301.53,51.7,5.38,25.78,25.78,6.8,129,129,6.19,6.19,9,4/16 (25%),3-0 (100%),4-1 (80%),5-9 (36%),2026-10-03,Lost head-to-head vs player above,6.31
90,Layne Schilthroat,Middleville Thornapple Kellogg,overall,2,11,7,316.42,53.4,10.46,28.7,28.7,6.08,127,127,2.15,2.15,6,0/7 (0%),4-0 (100%),6-1 (86%),0-6 (0%),2026-10-02,Fewer wins vs common opponents,5.41
91,Ryan Marschak,Canton,overall,2,7,5,265.25,47.5,11.46,28.28,28.28,5.61,101,101,2.8,2.8,3,1/6 (17%),4-0 (100%),3-0 (100%),0-5 (0%),2026-10-03,Lower power rating,4.17
92,Eric Fitchpatrick,Paw Paw,overall,2,19,11,340.05,56.2,14.58,32.28,32.28,5.9,127,127,2.15,2.15,8,2/13 (15%),8-0 (100%),7-2 (78%),1-9 (10%),2026-09-29,Lower power rating,3.68
93,Jace McKee,Grand Rapids Forest Hills Central,overall,2,6,17,280.32,49.2,3.38,20.22,20.22,5.61,126,126,7.77,7.77,5,0/16 (0%),1-0 (100%),4-5 (44%),1-12 (8%),2026-10-05,Worse score margin vs common opponents,2.72
94,James Priddy,Spring Lake,overall,2,11,14,218.16,42.0,4.79,21.18,21.18,5.46,92,92,5.29,5.29,5,0/12 (0%),3-0 (100%),4-4 (50%),1-10 (9%),2026-10-02,Fewer wins vs common opponents,3.95
95,Ryan Fowler,Mattawan,overall,2,7,12,271.6,48.2,3.25,20.34,20.34,5.7,125,125,4.67,4.67,2,0/12 (0%),4-1 (80%),2-3 (40%),0-8 (0%),2026-10-05,Fewer wins vs common opponents,1.78
96,Kellen Flahie,Holt,overall,2,12,16,264.25,47.4,1.5,21.0,21.0,6.5,126,126,3.4,3.4,2,3/19 (16%),7-0 (100%),2-6 (25%),1-9 (10%),2026-10-06,Worse score margin vs common opponents,-0.77
97,Josh Sebastian,Portage Northern,overall,2,11,6,325.35,54.5,12.88,29.71,29.71,5.61,126,126,2.79,2.79,5,4/10 (40%),6-0 (100%),5-1 (83%),0-5 (0%),2026-10-05,Worse score margin vs common opponents,3.39
98,Nolan Bildeaux,Traverse City West,overall,2,4,23,192.23,39.0,-12.58,7.27,7.27,6.62,124,124,5.23,5.23,3,2/22 (9%),1-1 (50%),3-11 (21%),0-11 (0%),2026-09-30,Lost head-to-head vs player above,-0.61
99,Charlie Forman,Battle Creek Lakeview,overall,2,14,13,271.74,48.2,4.05,19.41,19.41,5.12,123,123,1.83,1.83,3,1/11 (9%),8-1 (89%),3-6 (33%),0-5 (0%),2026-10-03,Lost head-to-head vs player above,1.05
100,Jackson Zeedyk,Zeeland West,overall,2,11,15,203.83,40.3,2.43,22.33,22.33,6.63,90,90,5.28,5.28,6,1/12 (8%),3-0 (100%),5-6 (45%),1-9 (10%),2026-10-05,Worse score margin vs common opponents,2.96
101,Brody Currier,Sturgis,overall,2,11,14,323.18,54.2,14.05,32.66,32.66,6.2,121,121,3.76,3.76,6,2/15 (13%),5-0 (100%),6-2 (75%),0-10 (0%),2026-10-05,Worse score margin vs common opponents,2.12
102,Carter Fuller,Three Rivers,overall,2,10,4,263.36,47.3,7.57,25.52,25.52,5.98,111,111,-2.16,-2.16,3,2/4 (50%),6-0 (100%),3-3 (50%),0-1 (0%),2026-10-05,Lost head-to-head vs player above,1.48
103,Reed Clark,Jackson Northwests,overall,2,17,3,306.66,52.3,15.36,32.28,32.28,5.64,110,110,-1.43,-1.43,7,2/5 (40%),8-1 (89%),7-1 (88%),0-1 (0%),2026-10-06,Fewer wins vs common opponents,3.25
104,Griffin Wetzel,Imlay City,overall,2,15,2,302.26,51.8,23.04,41.68,41.68,6.21,94,94,-5.08,-5.08,1,1/2 (50%),10-1 (91%),1-0 (100%),0-1 (0%),2026-10-05,Lower power rating,2.65
105,Liam Herson,Vicksburg,overall,2,8,12,240.24,44.6,2.86,20.85,20.85,6.0,110,110,2.83,2.83,3,0/11 (0%),5-1 (83%),3-4 (43%),0-7 (0%),2026-09-29,Lower power rating,0.16
106,Brody Dai,Saline,overall,2,6,14,242.89,44.9,6.49,23.89,23.89,5.8,100,100,8.8,8.8,4,2/16 (12%),1-0 (100%),4-1 (80%),0-12 (0%),2026-10-03,Worse score margin vs common opponents,1.94
107,Rikuto Ohashi,Auburn Hills Avondale,overall,2,8,5,294.41,50.9,21.81,36.4,36.4,4.86,93,93,-1.43,-1.43,0,1/6 (17%),7-1 (88%),0-1 (0%),0-3 (0%),2026-10-05,Lower power rating,0.05
108,Gavin McClellan,Traverse City St Francis,overall,2,5,19,173.32,36.8,-4.17,19.15,19.15,7.78,95,95,5.32,5.32,1,0/19 (0%),3-1 (75%),1-6 (14%),0-12 (0%),2026-09-26,Lower power rating,-0.3
109,Jackson Root,Temperance Bedford,overall,2,6,10,230.66,43.5,6.52,21.77,21.77,5.08,98,98,0.99,0.99,1,1/9 (11%),5-1 (83%),1-4 (20%),0-4 (0%),2026-10-01,Lower power rating,-0.45
110,Henry Kliber,Milan,overall,2,10,7,246.02,45.2,10.41,26.02,26.02,5.2,97,97,-3.18,-3.18,1,1/8 (12%),8-1 (89%),1-5 (17%),0-1 (0%),2026-10-01,Lost head-to-head vs player above,-1.71
111,Isaac Chilson,Parma Western,overall,2,11,12,270.82,48.1,10.87,26.32,26.32,5.15,105,105,0.84,0.84,4,2/14 (14%),7-2 (78%),4-5 (44%),0-5 (0%),2026-09-28,Worse score margin vs common opponents,-0.07
112,Jacob Boven,Grand Rapids NorthPointe Christian,overall,2,8,13,263.36,47.3,14.42,31.44,31.44,5.68,94,94,3.48,3.48,1,2/15 (13%),4-0 (100%),1-4 (20%),0-9 (0%),2026-10-05,Worse score margin vs common opponents,-1.39
113,Bobby Gaston,North Muskegon,overall,2,15,13,237.12,44.2,8.88,26.5,26.5,5.88,93,93,1.34,1.34,4,1/13 (8%),9-1 (90%),4-3 (57%),0-8 (0%),2026-10-05,Lost head-to-head vs player above,-0.12
114,Liam Rhoades,Oxford,overall,2,7,7,197.19,39.6,3.02,19.87,19.87,5.62,91,91,0.09,0.09,0,3/7 (43%),5-1 (83%),1-4 (20%),0-2 (0%),2026-10-06,Lower power rating,-0.87
115,Isaac Beckett,Holly,overall,2,6,12,215.46,41.7,7.68,23.79,23.79,5.37,89,89,-1.98,-1.98,0,1/12 (8%),6-8 (43%),0-3 (0%),,2026-09-29,Lost head-to-head vs player above,-3.92
116,Kamdin Lyle,Flint Kearsley,overall,2,4,12,174.26,36.9,-0.34,15.33,15.33,5.22,89,89,-4.14,-4.14,0,1/10 (10%),4-10 (29%),0-2 (0%),,2026-09-29,Lost head-to-head vs player above,-6.32
117,Levi Pierce,Owosso,overall,2,8,8,207.55,40.8,6.25,21.53,21.53,5.09,88,88,-2.51,-2.51,1,1/9 (11%),6-6 (50%),1-2 (33%),,2026-10-06,Lost head-to-head vs player above,-3.17
118,Jude Hokanson,Eaton Rapids,overall,2,11,4,207.52,40.8,9.71,28.49,28.49,6.26,79,79,-1.2,-1.2,1,1/5 (20%),9-0 (100%),1-1 (50%),0-3 (0%),2026-10-05,Worse score margin vs common opponents,2.25
119,Connor Bray,North Farmington,overall,2,10,7,195.17,39.3,7.76,27.29,27.29,6.51,77,77,1.58,1.58,1,2/8 (25%),6-0 (100%),1-1 (50%),0-5 (0%),2026-10-02,Lower power rating,1.37
120,Brandon Hargis,Warren De La Salle Collegiate,overall,2,8,8,203.96,40.3,9.87,25.78,25.78,5.3,77,77,1.14,1.14,0,1/9 (11%),6-0 (100%),0-1 (0%),0-6 (0%),2026-10-05,Lower power rating,1.17
121,Brennan Egger,Williamston,overall,2,10,8,189.82,38.7,7.26,23.55,23.55,5.43,76,76,-0.04,-0.04,1,0/8 (0%),8-1 (89%),1-2 (33%),0-5 (0%),2026-10-03,Worse score margin vs common opponents,-0.79
122,Dom Amaro,Macomb Dakota,overall,2,13,5,212.41,41.3,11.53,28.6,28.6,5.69,76,76,-3.63,-3.63,3,3/8 (38%),9-1 (90%),3-2 (60%),0-2 (0%),2026-10-01,Lower power rating,-1.36
123,Zach Ulmer,Clinton Township Chippewa Valley,overall,2,9,8,157.23,34.9,0.88,17.65,17.65,5.59,75,75,-0.43,-0.43,2,1/6 (17%),3-2 (60%),2-2 (50%),0-3 (0%),2026-09-29,Lost head-to-head vs player above,0.15
124,Macauley Douglas,Port Huron Northern,overall,2,12,4,167.95,36.2,3.57,22.58,22.58,6.34,74,74,-1.93,-1.93,2,2/5 (40%),9-0 (100%),0-3 (0%),2-1 (67%),2026-09-29,Lost head-to-head vs player above,2.82
125,Max Wardin,St. Johns,overall,2,7,12,198.21,39.7,9.61,25.18,25.18,5.19,75,75,0.25,0.25,0,1/13 (8%),7-4 (64%),0-4 (0%),0-4 (0%),2026-09-30,Lower power rating,-2.33
126,Lukas Yatouma,Ortonville Brandon,overall,2,8,4,175.84,37.1,5.81,20.99,20.99,5.06,74,74,-2.59,-2.59,0,0/4 (0%),7-2 (78%),0-1 (0%),0-1 (0%),2026-09-29,Worse score margin vs common opponents,1.13
127,Max Noll,Croswell-Lexington,overall,2,4,1,225.8,42.9,16.13,34.88,34.88,6.25,72,72,-0.91,-0.91,1,0/1 (0%),3-0 (100%),1-1 (50%),,2026-10-05,Worse score margin vs common opponents,2.81
128,Pratham Merugu,Plymouth,overall,2,5,8,106.3,29.0,6.25,22.64,22.64,5.46,36,36,3.0,3.0,1,1/8 (12%),3-0 (100%),1-3 (25%),0-4 (0%),2026-10-03,Lower power rating,2.53
129,Logan Carlson,Mason,overall,2,7,20,127.92,31.5,-4.92,13.65,13.65,6.19,74,74,3.02,3.02,2,0/19 (0%),3-3 (50%),2-9 (18%),0-6 (0%),2026-10-05,Fewer wins vs common opponents,-3.16
130,Ryker Alwin,East Lansing,overall,2,6,12,152.39,34.4,0.72,19.03,19.03,6.1,73,73,2.5,2.5,1,0/11 (0%),4-2 (67%),1-5 (17%),0-4 (0%),2026-10-05,Lost head-to-head vs player above,-0.94
131,luke abraham,Bay City Western,overall,2,6,10,190.46,38.8,8.63,25.12,25.12,5.5,72,72,0.49,0.49,2,2/12 (17%),2-3 (40%),2-5 (29%),0-1 (0%),2026-10-05,Lost head-to-head vs player above,-1.3
132,Owen Lewis,Essexville Garber,overall,2,11,6,206.8,40.7,12.93,28.03,28.03,5.03,71,71,-2.81,-2.81,1,2/7 (29%),10-2 (83%),1-4 (20%),,2026-10-05,Lost head-to-head vs player above,-0.24
133,Max Grice,Caro,overall,2,6,1,225.05,42.8,17.13,34.29,34.29,5.72,71,71,-5.34,-5.34,0,0/1 (0%),6-0 (100%),0-1 (0%),,2026-09-28,Worse score margin vs common opponents,2.52
134,Quinten Valenzuela,Battle Creek Harper Creek,overall,2,8,7,172.16,36.7,9.85,26.22,26.22,5.46,61,61,-1.27,-1.27,1,0/5 (0%),6-0 (100%),1-7 (12%),,2026-10-05,Lower power rating,1.64
135,David Carlson,Sandusky,overall,2,12,8,171.22,36.5,7.0,24.95,24.95,5.98,69,69,-3.63,-3.63,0,1/8 (12%),10-0 (100%),0-7 (0%),,2026-09-29,Lower power rating,-1.95
136,Charlie Thiel,Saginaw Nouvel Catholic Central,overall,2,8,6,194.15,39.2,11.96,26.9,26.9,4.98,67,67,-2.39,-2.39,1,1/5 (20%),4-1 (80%),1-3 (25%),0-1 (0%),2026-09-25,Lost head-to-head vs player above,-1.52
137,Jose Costilla,Bay City Central,overall,2,7,11,161.37,35.4,5.13,20.3,20.3,5.06,67,67,0.32,0.32,1,3/12 (25%),6-2 (75%),1-7 (12%),0-2 (0%),2026-10-05,Worse score margin vs common opponents,-3.56
138,Patrick Dwan,Bay City John Glenn,overall,2,9,4,140.06,32.9,1.96,16.57,16.57,4.87,65,65,-2.59,-2.59,1,0/4 (0%),8-2 (80%),1-1 (50%),0-1 (0%),2026-10-05,Lost head-to-head vs player above,0.25
139,Gavin Desrosiers,Brownstown Woodhaven,overall,2,11,6,179.29,37.5,14.1,30.22,30.22,5.37,53,53,-0.59,-0.59,2,3/8 (38%),8-0 (100%),2-3 (40%),0-3 (0%),2026-10-03,Lower power rating,-0.27
140,Kenny Schwab,Gibraltar Carlson,overall,2,14,10,192.41,39.0,18.1,32.9,32.9,4.93,48,48,-0.34,-0.34,4,0/8 (0%),8-0 (100%),2-8 (20%),2-2 (50%),2026-09-29,Lost head-to-head vs player above,1.63
141,Cole Huizinga,Muskegon Western Michigan Christian,overall,2,7,9,131.54,31.9,7.42,26.63,26.63,6.4,46,46,1.79,1.79,1,0/8 (0%),6-0 (100%),1-4 (20%),0-5 (0%),2026-09-29,Lower power rating,0.22
142,Brendan Parks,Marshall,overall,2,7,11,119.44,30.5,0.47,16.98,16.98,5.51,58,58,-0.86,-0.86,1,0/9 (0%),5-0 (100%),1-10 (9%),,2026-10-05,Lower power rating,-2.83
143,Kush Patel,Coldwater,overall,2,8,8,129.29,31.7,6.82,22.16,22.16,5.11,48,48,-1.75,-1.75,0,2/9 (22%),7-1 (88%),0-5 (0%),0-1 (0%),2026-09-28,Lost head-to-head vs player above,0.18
144,Evan Dressander,Lowell,overall,2,4,6,97.33,28.0,0.74,16.29,16.29,5.18,46,46,0.2,0.2,1,1/7 (14%),3-2 (60%),1-2 (33%),0-2 (0%),2026-09-26,Lower power rating,-0.19
145,Evan Wood,Sparta,overall,2,11,9,115.59,30.1,4.16,19.27,19.27,5.04,45,45,0.49,0.49,3,0/7 (0%),8-0 (100%),3-3 (50%),0-6 (0%),2026-09-24,Lost head-to-head vs player above,0.4
146,Kendon Terry,Hartland,overall,2,13,9,126.8,31.4,7.12,24.8,24.8,5.89,46,46,-1.75,-1.75,0,2/10 (20%),12-2 (86%),0-2 (0%),0-4 (0%),2026-10-05,Lower power rating,-0.76
147,Dominic Naso,Grosse Ile,overall,2,9,15,159.81,35.2,14.88,29.57,29.57,4.9,40,40,1.75,1.75,3,0/13 (0%),6-1 (86%),2-5 (29%),1-8 (11%),2026-10-03,Fewer wins vs common opponents,0.36
148,Evan Goddard,Southgate Anderson,overall,2,14,11,120.78,30.7,8.76,23.98,23.98,5.07,35,35,1.84,1.84,4,2/12 (17%),7-1 (88%),4-2 (67%),0-8 (0%),2026-10-03,Lost head-to-head vs player above,0.19
149,Jee Weis,Kalamazoo Loy Norrix,overall,2,8,14,74.59,25.3,-1.65,15.6,15.6,5.75,41,41,1.64,1.64,0,1/12 (8%),5-0 (100%),0-7 (0%),0-6 (0%),2026-10-05,Lower power rating,-1.17
150,Leo Wetzel,Dearborn,overall,2,6,5,87.79,26.8,4.17,19.52,19.52,5.12,34,34,-2.26,-2.26,0,0/5 (0%),5-1 (83%),0-3 (0%),0-1 (0%),2026-10-03,Lower power rating,-1.96
151,Nolan Marek,Trenton,overall,2,19,3,132.02,32.0,11.43,27.39,27.39,5.32,33,33,-3.4,-3.4,7,0/3 (0%),12-0 (100%),7-3 (70%),,2026-10-03,Worse score margin vs common opponents,4.51
152,Ty Mikolajczyk,Hamilton,overall,2,8,9,31.77,20.3,-0.77,15.53,15.53,5.43,15,15,2.17,2.17,3,2/11 (18%),5-0 (100%),3-4 (43%),0-5 (0%),2026-10-02,Lower power rating,2.65
153,Daniel Hosseini,Walled Lake Central,overall,2,4,9,65.16,24.2,1.32,21.46,21.46,6.71,29,29,1.07,1.07,0,1/8 (12%),3-1 (75%),0-2 (0%),0-5 (0%),2026-10-02,Lower power rating,-0.72
154,Keegan McBeth,Buchanan,overall,2,7,6,69.08,24.7,5.09,22.42,22.42,5.77,22,22,-0.89,-0.89,0,0/6 (0%),6-0 (100%),0-2 (0%),0-4 (0%),2026-10-05,Lower power rating,-1.43
155,Varun Garigipati,East Kentwood,overall,2,6,11,23.04,19.3,-7.56,9.19,9.19,5.58,30,30,1.6,1.6,0,0/10 (0%),4-1 (80%),0-3 (0%),0-5 (0%),2026-10-05,Lower power rating,-2.02
156,Cole Rolfe,Coopersville,overall,2,12,3,129.32,31.7,15.85,33.94,33.94,6.03,25,25,-3.06,-3.06,1,0/3 (0%),9-0 (100%),1-1 (50%),0-2 (0%),2026-09-24,Worse score margin vs common opponents,0.68
157,Dawson Babiak,Wayland,overall,2,8,7,20.83,19.1,1.29,18.61,18.61,5.77,5,5,-0.33,-0.33,3,1/7 (14%),5-0 (100%),2-2 (50%),1-5 (17%),2026-10-02,Lost head-to-head vs player above,1.61
158,Finn Murray,Dearborn Divine Child,overall,2,8,9,69.66,24.7,1.25,19.25,19.25,6.0,32,32,-1.28,-1.28,0,0/8 (0%),7-1 (88%),0-4 (0%),0-4 (0%),2026-10-05,Lower power rating,-2.07
159,Josh Cuppari,Wyandotte Roosevelt,overall,2,8,9,77.53,25.7,2.45,19.39,19.39,5.65,32,32,-0.51,-0.51,1,2/11 (18%),5-0 (100%),1-4 (20%),0-4 (0%),2026-10-03,Worse score margin vs common opponents,-3.42
160,Kian Gordon,White Lake Lakeland,overall,2,4,11,79.95,25.9,4.35,21.64,21.64,5.76,29,29,0.35,0.35,0,1/11 (9%),3-3 (50%),0-4 (0%),0-3 (0%),2026-10-02,Lower power rating,-3.67
161,Ali Monzer,Dearborn Edsel Ford,overall,2,8,7,68.05,24.6,2.34,19.15,19.15,5.6,29,29,-3.41,-3.41,0,3/9 (33%),7-2 (78%),0-3 (0%),0-2 (0%),2026-09-28,Worse score margin vs common opponents,-4.19
162,Liam MacLeod,Livonia Franklin,overall,2,9,9,49.54,22.4,-0.9,16.75,16.75,5.88,28,28,-4.02,-4.02,0,2/9 (22%),9-5 (64%),0-3 (0%),0-1 (0%),2026-10-02,Lost head-to-head vs player above,-3.85
163,Brayden Swearengin,Monroe,overall,2,8,9,95.39,27.7,9.87,25.89,25.89,5.34,22,22,1.01,1.01,1,2/9 (22%),5-1 (83%),1-4 (20%),0-4 (0%),2026-09-29,Lost head-to-head vs player above,-3.07
164,Kapish Rajan,Salem,overall,2,1,12,8.59,17.6,1.05,18.19,18.19,5.72,0,0,6.72,6.72,0,0/10 (0%),1-1 (50%),0-4 (0%),0-6 (0%),2026-10-03,Worse score margin vs common opponents,-0.82
165,russell cheverette,Monroe St Mary Catholic Central,overall,2,5,4,40.7,21.4,-0.47,17.58,17.58,6.02,23,23,-5.98,-5.98,0,1/5 (20%),4-0 (100%),0-4 (0%),,2026-10-01,Lower power rating,-5.43
166,Joshua The,Plymouth Christian Academy,overall,2,3,11,32.99,20.5,-1.48,14.69,14.69,5.39,21,21,-3.25,-3.25,0,0/9 (0%),3-8 (27%),0-1 (0%),0-2 (0%),2026-10-05,Lost head-to-head vs player above,-6.65
167,Nilesh Gullipalli,Ypsilanti,overall,2,4,2,77.28,25.6,7.37,25.63,25.63,6.09,21,21,-3.26,-3.26,0,0/1 (0%),3-0 (100%),0-1 (0%),0-1 (0%),2026-09-24,Worse score margin vs common opponents,-0.86
168,Jonathan Marceri,Clawson,overall,2,10,2,115.99,30.1,16.62,32.04,32.04,5.14,18,18,-6.35,-6.35,0,1/2 (50%),9-1 (90%),0-1 (0%),,2026-10-05,Lower power rating,-2.07
169,Darsh Sharma,Marysville,overall,2,9,3,70.72,24.9,10.34,28.13,28.13,5.93,11,11,-6.13,-6.13,0,0/2 (0%),7-1 (88%),0-1 (0%),0-1 (0%),2026-09-29,Worse score margin vs common opponents,-2.6
170,Ronen Beltran,Ypsilanti Lincoln,overall,2,4,8,14.89,18.4,-4.83,10.43,10.43,5.09,20,20,-1.96,-1.96,0,0/6 (0%),3-5 (38%),0-2 (0%),0-1 (0%),2026-10-05,Lower power rating,-5.73
171,Jackson Bantau,Belleville,overall,2,3,3,42.96,21.6,2.07,20.65,20.65,6.19,18,18,-6.9,-6.9,0,1/4 (25%),3-1 (75%),0-1 (0%),,2026-10-03,Worse score margin vs common opponents,-5.0
172,Lucas Welch,Allen Park,overall,2,7,8,38.36,21.1,1.36,18.77,18.77,5.8,17,17,-4.96,-4.96,0,0/6 (0%),5-4 (56%),0-3 (0%),0-1 (0%),2026-10-01,Lost head-to-head vs player above,-4.63
173,Saathvik Kanumuri,Stevensville Lakeshore,overall,2,3,11,-5.55,16.0,-8.8,10.76,10.76,6.52,18,18,4.87,4.87,0,0/11 (0%),1-1 (50%),0-6 (0%),0-4 (0%),2026-10-05,Lower power rating,-5.03
174,Michael Kubiak,Kalamazoo Central,overall,2,7,12,9.28,17.7,-4.84,14.87,14.87,6.57,17,17,-1.13,-1.13,0,0/9 (0%),5-4 (56%),0-5 (0%),0-3 (0%),2026-10-03,Lost head-to-head vs player above,-3.85
175,Colten Fisher,Flushing,overall,2,10,11,25.99,19.7,-1.63,14.96,14.96,5.53,16,16,1.14,1.14,1,3/14 (21%),7-2 (78%),1-6 (14%),0-3 (0%),2026-09-29,Worse score margin vs common opponents,-2.79
176,Carson Selback,Grand Rapids Kenowa Hills,overall,2,5,7,21.15,19.1,-0.72,15.76,15.76,5.49,12,12,-1.54,-1.54,1,0/6 (0%),4-1 (80%),1-5 (17%),0-1 (0%),2026-09-24,Lower power rating,-2.86
177,John Cram,Fowlerville,overall,2,9,11,14.53,18.3,-2.88,13.07,13.07,5.32,15,15,-2.21,-2.21,0,0/9 (0%),7-6 (54%),0-3 (0%),0-2 (0%),2026-10-06,Lower power rating,-3.51
178,Brady Danner,Lake Fenton,overall,2,8,8,17.26,18.7,-2.41,15.76,15.76,6.06,15,15,-1.52,-1.52,0,0/7 (0%),5-5 (50%),0-2 (0%),0-1 (0%),2026-10-06,Worse score margin vs common opponents,-3.24
179,Ace Akinpeloye,Flint Powers Catholic,overall,2,2,10,-50.16,10.8,-12.51,5.75,5.75,6.09,6,6,0.74,0.74,0,0/7 (0%),2-3 (40%),0-5 (0%),0-2 (0%),2026-10-06,Lost head-to-head vs player above,-2.08
180,Dillon Campbell,Otsego,overall,2,3,6,-11.07,15.4,-7.56,12.2,12.2,6.59,13,13,1.39,1.39,0,0/6 (0%),2-0 (100%),1-5 (17%),0-1 (0%),2026-10-05,Lower power rating,-4.18
181,Emmit Willhite,Greenville,overall,2,6,13,43.74,21.7,2.6,18.9,18.9,5.43,15,15,1.42,1.42,0,1/14 (7%),4-2 (67%),0-6 (0%),0-4 (0%),2026-09-28,Lower power rating,-5.58
182,Quinn Cook,Caledonia,overall,2,5,14,5.27,17.3,-2.96,16.1,16.1,6.36,9,9,4.13,4.13,0,0/13 (0%),4-2 (67%),0-3 (0%),0-8 (0%),2026-10-02,Worse score margin vs common opponents,-2.18
183,Alex Konstantinidis,Riverview,overall,2,5,11,-15.04,14.9,-9.07,11.06,11.06,6.71,16,16,-3.44,-3.44,0,0/9 (0%),4-5 (44%),0-3 (0%),0-2 (0%),2026-10-03,Lower power rating,-6.2
184,Hanif Miah,Hamtramck,overall,2,9,10,75.92,25.5,9.8,27.76,27.76,5.99,15,15,-6.24,-6.24,0,0/8 (0%),7-3 (70%),0-4 (0%),0-1 (0%),2026-10-05,Lost head-to-head vs player above,-4.59
185,David Bui,Sterling Heights,overall,2,9,3,74.62,25.3,10.73,25.94,25.94,5.07,12,12,-6.19,-6.19,0,1/4 (25%),8-2 (80%),0-1 (0%),,2026-10-02,Lost head-to-head vs player above,-3.4
186,Asaiah Williams,Southfield Arts & Technology,overall,2,2,3,26.98,19.8,2.11,18.58,18.58,5.49,9,9,-3.22,-3.22,0,0/2 (0%),2-1 (67%),0-2 (0%),,2026-09-23,Worse score margin vs common opponents,-2.92
187,Ian Edghill,Fraser,overall,2,12,8,14.99,18.4,0.85,19.01,19.01,6.05,6,6,-2.6,-2.6,0,1/9 (11%),9-2 (82%),0-3 (0%),0-3 (0%),2026-10-06,Worse score margin vs common opponents,-2.38
188,Austin Machiniak,Almont,overall,2,6,10,6.97,17.5,-1.08,18.69,18.69,6.59,7,7,-3.3,-3.3,0,1/10 (10%),5-4 (56%),0-5 (0%),0-1 (0%),2026-10-05,Lower power rating,-3.89
189,Abraham Barack,Ferndale,overall,2,7,7,33.0,20.5,3.94,20.79,20.79,5.62,8,8,-5.46,-5.46,0,0/7 (0%),4-6 (40%),0-1 (0%),,2026-10-05,Worse score margin vs common opponents,-4.88
190,Sam Dunton,Hemlock,overall,2,4,6,46.62,22.1,2.92,18.75,18.75,5.28,17,17,-3.99,-3.99,0,2/8 (25%),4-2 (67%),0-3 (0%),,2026-09-25,Lower power rating,-6.94
191,Jacob Kujawa,Niles,overall,2,4,17,-6.57,15.9,-6.48,14.78,14.78,7.09,13,13,-0.34,-0.34,0,0/16 (0%),3-4 (43%),0-8 (0%),0-2 (0%),2026-09-29,Lower power rating,-8.06
192,Bryce Stoeffler,Plainwell,overall,2,3,12,32.96,20.5,1.82,19.79,19.79,5.99,12,12,-0.35,-0.35,0,2/14 (14%),2-5 (29%),0-5 (0%),0-2 (0%),2026-09-29,Lost head-to-head vs player above,-10.47
193,Treven LeBreton,Battle Creek Pennfield,overall,2,4,11,-3.4,16.3,-5.32,11.97,11.97,5.76,11,11,-0.7,-0.7,1,0/10 (0%),3-3 (50%),1-5 (17%),0-3 (0%),2026-10-05,Lost head-to-head vs player above,-4.99
194,Jed Lab,Lake Odessa Lakewood,overall,2,5,8,30.59,20.2,2.82,20.79,20.79,5.99,9,9,-3.15,-3.15,0,0/8 (0%),5-3 (62%),0-1 (0%),0-3 (0%),2026-10-02,Lost head-to-head vs player above,-5.19
195,Roman Ponce,Muskegon Reeths-Puffer,overall,2,5,16,-13.75,15.0,-6.27,10.46,10.46,5.58,8,8,3.17,3.17,0,0/15 (0%),2-3 (40%),0-8 (0%),0-4 (0%),2026-10-02,Lower power rating,-5.58
196,AaKash Rajkumar,Grand Rapids Ottawa Hills,overall,2,2,5,46.1,22.0,4.96,20.61,20.61,5.22,10,10,2.54,2.54,0,0/5 (0%),2-0 (100%),0-2 (0%),0-2 (0%),2026-09-28,Lower power rating,-6.07
197,Cole Brozozowski,Comstock Park,overall,2,9,10,32.52,20.4,3.3,20.45,20.45,5.72,9,9,-4.07,-4.07,0,0/10 (0%),8-4 (67%),0-2 (0%),0-3 (0%),2026-10-02,Lost head-to-head vs player above,-6.09
198,Caleb Palmer,Alma,overall,2,4,7,7.01,17.5,-1.25,14.45,14.45,5.23,8,8,-5.55,-5.55,0,1/7 (14%),4-4 (50%),0-3 (0%),,2026-09-25,Lower power rating,-6.61
199,Joshua Seavey,Portland,overall,2,4,14,-8.53,15.7,-4.9,11.05,11.05,5.32,8,8,-0.08,-0.08,0,0/13 (0%),3-4 (43%),0-6 (0%),0-3 (0%),2026-10-02,Lower power rating,-7.91
200,Eliseo Brown,Lansing Christian School,overall,2,2,2,26.82,19.8,3.01,19.61,19.61,5.53,7,7,-4.54,-4.54,0,0/2 (0%),1-2 (33%),,,2026-10-02,Lost head-to-head vs player above,-3.61
201,Gavin Hockstra,Midland Bullock Creek,overall,2,1,4,45.4,21.9,6.35,24.86,24.86,6.17,7,7,-0.74,-0.74,0,0/2 (0%),1-2 (33%),0-2 (0%),,2026-10-05,Worse score margin vs common opponents,-2.5
202,Matthew Barton,Elk Rapids,overall,2,4,1,37.02,20.9,7.1,28.23,28.23,7.04,2,2,-5.11,-5.11,0,1/2 (50%),3-0 (100%),,0-1 (0%),2026-09-28,Lower power rating,-3.28
203,Joel Tucker,Hillsdale,overall,2,5,1,33.29,20.5,6.04,22.51,22.51,5.49,3,3,-5.94,-5.94,0,1/2 (50%),3-0 (100%),0-1 (0%),,2026-09-24,Lower power rating,-3.51
204,Charlie Tippie,Brooklyn Columbia Central,overall,2,2,4,20.48,19.0,3.45,22.32,22.32,6.29,2,2,-1.62,-1.62,0,1/4 (25%),1-1 (50%),0-2 (0%),,2026-09-22,Lost head-to-head vs player above,-3.44
205,Matt Hurlbert,Utica Ford,overall,2,8,13,-47.5,11.1,-10.94,10.26,10.26,7.07,2,2,3.35,3.35,1,0/13 (0%),2-2 (50%),1-2 (33%),1-8 (11%),2026-10-05,Lower power rating,-3.64
206,Conor Dickey,Warren Mott,overall,2,6,3,48.32,22.3,8.93,26.84,26.84,5.97,4,4,-8.81,-8.81,0,0/3 (0%),6-3 (67%),,,2026-09-29,Lower power rating,-4.67
207,Brady Latz,Ovid-Elsie,overall,2,7,5,12.73,18.1,0.9,16.94,16.94,5.35,6,6,-7.67,-7.67,0,0/3 (0%),5-4 (56%),0-1 (0%),,2026-10-05,Lower power rating,-4.93
208,Joe Walraven,Jackson,overall,2,2,5,-47.04,11.2,-9.62,11.34,11.34,6.99,1,1,-1.9,-1.9,0,0/5 (0%),1-2 (33%),0-3 (0%),,2026-10-06,Lower power rating,-5.14
209,Lance Schmitter,Harbor Springs,overall,2,1,6,-8.14,15.7,-1.86,15.62,15.62,5.83,1,1,-1.71,-1.71,0,0/5 (0%),1-1 (50%),0-4 (0%),,2026-09-28,Lower power rating,-5.43
210,Nathan Medema,Fruitport,overall,2,5,13,-3.51,16.2,-3.3,13.03,13.03,5.45,7,7,-2.05,-2.05,0,1/14 (7%),5-5 (50%),0-3 (0%),0-4 (0%),2026-10-02,Lower power rating,-6.05
211,Elijah Roberge,Whitehall,overall,2,3,9,-34.28,12.7,-7.79,12.83,12.83,6.87,2,2,1.28,1.28,0,0/8 (0%),3-1 (75%),0-4 (0%),0-4 (0%),2026-10-05,Lost head-to-head vs player above,-5.72
212,Graham DeKoster,Jenison,overall,2,0,5,-17.49,14.6,-4.22,18.04,18.04,7.42,0,0,7.22,7.22,0,0/5 (0%),,0-1 (0%),0-4 (0%),2026-09-28,Lower power rating,-5.83
213,Zack Sharrak,Utica,overall,2,4,13,-71.67,8.3,-14.77,6.95,6.95,7.24,1,1,0.32,0.32,0,0/12 (0%),2-4 (33%),0-5 (0%),0-3 (0%),2026-09-29,Lower power rating,-5.84
214,Jacob Stadler,Clio,overall,2,4,14,-45.78,11.3,-11.64,4.98,4.98,5.54,7,7,-3.23,-3.23,0,0/12 (0%),3-11 (21%),0-1 (0%),,2026-09-29,Lower power rating,-7.3
215,Cole Hackett,Yale,overall,2,4,16,10.35,17.8,0.08,18.17,18.17,6.03,6,6,-4.13,-4.13,0,0/13 (0%),4-9 (31%),0-4 (0%),,2026-10-05,Lost head-to-head vs player above,-7.33
216,Athiya Maheswaren,Grand Rapids Northview,overall,2,3,15,-5.26,16.0,-2.71,16.31,16.31,6.34,4,4,0.59,0.59,0,0/15 (0%),3-4 (43%),0-3 (0%),0-6 (0%),2026-10-02,Lower power rating,-8.55
217,Brady Bosch,Niles Brandywine,overall,2,2,12,-19.71,14.4,-4.9,12.97,12.97,5.96,2,2,1.57,1.57,0,0/12 (0%),2-3 (40%),0-3 (0%),0-5 (0%),2026-09-28,Worse score margin vs common opponents,-6.85
218,Senith Dahanayaka,Livonia Churchill,overall,2,3,10,-16.48,14.7,-3.88,14.89,14.89,6.26,2,2,-2.19,-2.19,0,2/12 (17%),3-6 (33%),0-2 (0%),0-1 (0%),2026-10-02,Lower power rating,-7.51
219,Henry Morris,Lapeer,overall,2,5,15,-55.39,10.2,-11.85,10.17,10.17,7.34,2,2,-0.32,-0.32,0,0/14 (0%),5-6 (45%),0-7 (0%),,2026-10-01,Worse score margin vs common opponents,-7.62
220,Braxton Skurda,Armada,overall,2,3,3,-14.47,15.0,-2.47,14.63,14.63,5.7,1,1,-8.29,-8.29,0,0/3 (0%),3-2 (60%),0-1 (0%),,2026-10-05,Lower power rating,-8.65
221,Lucas McCoy,Ionia,overall,2,3,9,-42.57,11.7,-8.93,7.98,7.98,5.64,2,2,-3.89,-3.89,0,1/10 (10%),3-6 (33%),0-2 (0%),0-1 (0%),2026-10-05,Lower power rating,-9.05
222,Gage Cassidy,Cedar Springs,overall,2,1,15,-77.25,7.7,-16.04,3.44,3.44,6.49,2,2,-2.08,-2.08,0,0/15 (0%),1-8 (11%),0-6 (0%),0-1 (0%),2026-09-29,Fewer wins vs common opponents,-8.92
223,Nathan Meeusen,Howell,overall,2,6,7,7.07,17.5,0.72,19.17,19.17,6.15,3,3,-5.12,-5.12,0,1/8 (12%),4-4 (50%),,0-2 (0%),2026-10-03,Lower power rating,-9.11
224,Jimmy Heegan,Ann Arbor Father Gabriel Richard,overall,2,3,14,-42.38,11.7,-9.52,9.71,9.71,6.41,2,2,2.39,2.39,0,0/14 (0%),1-4 (20%),0-4 (0%),0-6 (0%),2026-09-29,Lower power rating,-9.22
225,Isaac Filbrandt,South Haven,overall,2,6,13,-61.2,9.5,-12.65,7.27,7.27,6.64,1,1,0.06,0.06,0,2/15 (13%),3-3 (50%),0-3 (0%),0-5 (0%),2026-09-28,Worse score margin vs common opponents,-8.56
226,Diego Hodge,Charlotte,overall,2,2,12,-49.46,10.9,-9.54,5.68,5.68,5.07,0,0,-3.58,-3.58,0,0/12 (0%),2-7 (22%),0-3 (0%),0-1 (0%),2026-10-02,Lower power rating,-8.95
227,Brentlee Clark,Garden City,overall,2,3,4,-0.11,16.6,0.1,15.67,15.67,5.19,2,2,-9.29,-9.29,0,0/4 (0%),2-3 (40%),,,2026-09-24,Lower power rating,-9.35
228,Nolan Gerbo,Lincoln Park,overall,2,0,4,-51.48,10.7,-10.23,10.64,10.64,6.96,0,0,-0.67,-0.67,0,0/4 (0%),0-2 (0%),0-1 (0%),0-1 (0%),2026-09-28,Worse score margin vs common opponents,-8.91
229,Austin Pastula,Livonia Stevenson,overall,2,0,9,-76.46,7.8,-15.02,6.01,6.01,7.01,0,0,-2.7,-2.7,0,0/6 (0%),0-6 (0%),0-1 (0%),0-1 (0%),2026-10-02,Worse score margin vs common opponents,-8.32
230,Grant VandeVeegaete,New Baltimore Anchor Bay,overall,2,1,17,-143.24,0.0,-28.68,-1.66,-1.66,9.01,0,0,0.35,0.35,0,0/17 (0%),0-8 (0%),0-5 (0%),0-4 (0%),2026-09-29,Lower power rating,-8.65
231,Mohamed Kaafarani,Dearborn Fordson,overall,2,0,4,-27.67,13.4,-5.14,12.48,12.48,5.87,0,0,-3.94,-3.94,0,0/4 (0%),0-3 (0%),,,2026-10-03,Lower power rating,-9.09
232,Liam Woodman,Walled Lake Western,overall,2,0,6,-53.06,10.5,-10.58,7.25,7.25,5.94,0,0,-0.29,-0.29,0,0/5 (0%),0-4 (0%),0-1 (0%),0-1 (0%),2026-10-02,Lower power rating,-9.29
233,Tyrus Roose,Lansing Waverly,overall,2,0,9,-62.16,9.4,-12.22,6.93,6.93,6.38,0,0,-2.17,-2.17,0,0/7 (0%),0-6 (0%),0-1 (0%),,2026-10-05,Lower power rating,-10.1
234,Anderson Barnes,Bronson,overall,2,1,5,-34.29,12.7,-6.87,12.32,12.32,6.4,1,1,-3.95,-3.95,0,0/5 (0%),1-3 (25%),0-2 (0%),,2026-09-28,Lower power rating,-10.26
235,Juventino Alvarez,Davison,overall,2,3,13,-39.23,12.1,-8.14,11.91,11.91,6.68,1,1,-1.08,-1.08,0,0/12 (0%),2-6 (25%),0-5 (0%),,2026-10-01,Lower power rating,-10.33
236,Brodie Sellers,Adrian,overall,2,1,7,-20.47,14.3,-4.18,14.74,14.74,6.31,1,1,-3.19,-3.19,0,0/7 (0%),1-1 (50%),0-3 (0%),,2026-09-30,Lower power rating,-10.49
237,James Pham,Sterling Heights Stevenson,overall,2,4,7,11.43,18.0,2.12,18.99,18.99,5.62,2,2,-6.39,-6.39,0,1/8 (12%),3-7 (30%),,,2026-10-01,Lower power rating,-10.85
238,isaac weckerle,Warren Cousino,overall,2,2,5,1.48,16.8,0.06,17.73,17.73,5.89,2,2,-5.72,-5.72,0,0/5 (0%),2-5 (29%),,,2026-09-29,Worse score margin vs common opponents,-10.8
239,Liam Compton,Warren Woods Tower,overall,2,2,6,-21.77,14.1,-4.12,13.51,13.51,5.88,1,1,-6.41,-6.41,0,1/6 (17%),1-6 (14%),,,2026-09-29,Lost head-to-head vs player above,-10.53
240,Kris Tran,Riverview Gabriel Richard,overall,2,1,11,-81.3,7.2,-16.56,5.82,5.82,7.46,1,1,-1.04,-1.04,0,0/11 (0%),1-5 (17%),0-3 (0%),0-3 (0%),2026-09-26,Lower power rating,-10.61
241,Daniel Curiel,Fremont,overall,2,1,6,-38.42,12.2,-8.03,12.42,12.42,6.81,1,1,-0.6,-0.6,0,0/6 (0%),1-1 (50%),0-4 (0%),0-1 (0%),2026-09-29,Lower power rating,-10.74
242,Friedrich von Bulow,Lansing Eastern,overall,2,0,6,-51.81,10.6,-10.42,7.72,7.72,6.05,0,0,0.58,0.58,0,0/6 (0%),0-4 (0%),,0-1 (0%),2026-09-30,Lower power rating,-10.87
243,Jackson Kubiak,Madison Heights Lamphere,overall,2,1,4,-35.79,12.5,-6.67,10.52,10.52,5.73,1,1,-8.89,-8.89,0,0/4 (0%),1-4 (20%),,,2026-10-05,Lower power rating,-11.53
244,Ian Booker,Frankenmuth,overall,2,1,9,-73.77,8.1,-14.35,4.14,4.14,6.16,0,0,-4.03,-4.03,0,1/10 (10%),0-6 (0%),0-2 (0%),,2026-09-28,Lower power rating,-11.68
245,Jeff Tertel,New Buffalo / Bridgman / Lake Michigan Catholic (LMC),overall,2,0,8,-69.39,8.6,-13.9,5.62,5.62,6.51,0,0,0.24,0.24,0,0/7 (0%),0-5 (0%),0-1 (0%),0-2 (0%),2026-09-28,Lower power rating,-12.5
246,Owen Duetsch,Marine City,overall,2,1,7,-69.46,8.6,-13.37,7.16,7.16,6.84,0,0,-5.24,-5.24,0,0/6 (0%),1-7 (12%),,,2026-09-29,Lower power rating,-12.63
247,Nolan Miller,Waterford United,overall,2,0,4,-50.43,10.8,-9.87,9.17,9.17,6.35,0,0,-2.17,-2.17,0,0/4 (0%),0-3 (0%),0-1 (0%),,2026-09-24,Lower power rating,-12.78
248,Finn Dart,Boyne City,overall,2,0,5,-48.64,11.0,-9.26,9.6,9.6,6.29,0,0,-4.65,-4.65,0,0/5 (0%),0-4 (0%),,,2026-09-28,Lower power rating,-13.02
249,Bradley Barnhart,Carleton Airport,overall,2,2,20,-138.57,0.5,-27.49,-4.15,-4.15,7.78,0,0,-2.28,-2.28,0,0/20 (0%),1-11 (8%),0-5 (0%),0-2 (0%),2026-10-03,Lower power rating,-13.34
250,Jake Donaldson,St Clair Shores Lakeview,overall,2,1,10,-63.99,9.2,-12.2,5.17,5.17,5.79,0,0,-6.01,-6.01,0,0/9 (0%),1-10 (9%),,,2026-09-29,Worse score margin vs common opponents,-13.06
251,Nathan Alma,Chesaning,overall,2,2,4,-14.1,15.0,-2.46,14.66,14.66,5.71,1,1,-7.64,-7.64,0,1/5 (20%),1-3 (25%),,,2026-09-22,Lower power rating,-14.13
252,Henry Greening,Durand,overall,2,0,4,-53.62,10.4,-10.15,5.25,5.25,5.14,0,0,-5.71,-5.71,0,0/3 (0%),0-3 (0%),0-1 (0%),,2026-09-21,Lost head-to-head vs player above,-14.11
253,Landen Draney,Grant,overall,2,1,10,-80.82,7.3,-16.32,2.89,2.89,6.4,0,0,1.59,1.59,0,0/10 (0%),0-4 (0%),0-2 (0%),0-3 (0%),2026-09-29,Lower power rating,-14.28
254,Sebastian Laninga,Grand Rapids Union,overall,2,0,7,-67.96,8.7,-13.69,5.79,5.79,6.49,0,0,0.99,0.99,0,0/7 (0%),0-2 (0%),0-2 (0%),0-3 (0%),2026-10-02,Lower power rating,-14.84
255,Samson Green,Battle Creek Central,overall,2,0,12,-80.39,7.3,-15.94,3.3,3.3,6.41,0,0,-1.41,-1.41,0,0/12 (0%),0-5 (0%),0-2 (0%),0-1 (0%),2026-10-03,Lower power rating,-14.88
256,Oliver Aschenbrenner,Pinckney,overall,2,1,11,-83.55,6.9,-16.16,3.59,3.59,6.58,0,0,-5.57,-5.57,0,0/9 (0%),0-9 (0%),,,2026-09-30,Lower power rating,-15.44
257,Walid Safah,Dearborn Heights Crestwood,overall,2,0,10,-82.98,7.0,-16.18,4.16,4.16,6.78,0,0,-4.16,-4.16,0,0/10 (0%),0-8 (0%),0-1 (0%),,2026-10-03,Lower power rating,-16.04
258,Filiberto Gonzalez Gonzalez,Wyoming Kelloggsville,overall,2,0,6,-54.85,10.3,-10.63,6.36,6.36,5.66,0,0,-3.38,-3.38,0,0/6 (0%),0-4 (0%),,0-1 (0%),2026-10-02,Lower power rating,-16.06
259,Drake Downing,Richmond,overall,2,1,11,-82.62,7.0,-16.21,2.48,2.48,6.23,0,0,-3.11,-3.11,0,0/11 (0%),0-7 (0%),0-3 (0%),,2026-10-05,Lower power rating,-16.16
1,Gavin Heinze,Chelsea,overall,3,27,1,691.21,99.8,31.88,51.08,51.08,6.4,249,249,7.42,7.42,20,0/1 (0%),3-0 (100%),7-0 (100%),14-1 (93%),2026-10-03,,20.46
2,Marc Mocanu,Ann Arbor Skyline,overall,3,12,0,652.46,95.1,27.83,50.2,50.2,7.46,248,248,7.4,7.4,9,,3-0 (100%),1-0 (100%),8-0 (100%),2026-10-03,Worse score margin vs common opponents,17.46
3,Aayush Veerabhadran,Ann Arbor Pioneer,overall,3,16,3,649.84,94.8,27.04,48.02,48.02,6.99,247,247,8.09,8.09,11,1/4 (25%),4-0 (100%),1-0 (100%),10-3 (77%),2026-10-03,Lost head-to-head vs player above,18.75
4,Tiger Zhu,Troy,overall,3,22,4,692.77,100.0,33.66,55.9,55.9,7.41,246,246,10.75,10.75,18,1/4 (25%),1-0 (100%),4-0 (100%),14-3 (82%),2026-10-03,Lost head-to-head vs player above,17.45
5,Eli Rosen,Bloomfield Hills Cranbrook Kingswood,overall,3,21,1,675.7,97.9,32.46,51.14,51.14,6.23,241,241,11.6,11.6,17,0/1 (0%),1-0 (100%),,17-1 (94%),2026-10-05,Lost head-to-head vs player above,20.24
6,Charlie Griffith,Birmingham Seaholm,overall,3,7,2,648.99,94.7,31.33,48.26,48.26,5.64,239,239,10.52,10.52,6,0/2 (0%),1-0 (100%),2-0 (100%),4-1 (80%),2026-09-29,Lost head-to-head vs player above,15.92
7,Victor Marin,Detroit Country Day,overall,3,11,4,626.31,91.9,25.44,42.42,42.42,5.66,238,238,13.08,13.08,11,3/7 (43%),,,11-4 (73%),2026-09-29,Lost head-to-head vs player above,15.89
8,Nate Keller,Clarkston,overall,3,14,2,621.84,91.4,23.81,44.73,44.73,6.97,241,241,8.41,8.41,11,2/4 (50%),1-0 (100%),2-0 (100%),9-1 (90%),2026-10-05,Fewer wins vs common opponents,14.64
9,Ayan Arora,Okemos,overall,3,14,5,636.61,93.2,27.98,44.83,44.83,5.62,239,239,7.32,7.32,10,0/4 (0%),3-0 (100%),4-0 (100%),7-4 (64%),2026-10-06,Lost head-to-head vs player above,15.44
10,Nikhil Verma,Detroit Catholic Central,overall,3,10,8,576.77,85.9,16.89,34.99,34.99,6.03,238,238,11.54,11.54,7,1/9 (11%),1-0 (100%),3-0 (100%),5-7 (42%),2026-09-29,Lost head-to-head vs player above,10.78
11,Sebastian Berain Saucedo,Hudsonville Unity Christian,overall,3,24,0,633.7,92.8,33.26,55.63,55.63,7.46,219,219,4.61,4.61,18,,4-0 (100%),7-0 (100%),11-0 (100%),2026-10-02,Worse score margin vs common opponents,17.66
12,Tai Singal,Ann Arbor Greenhills,overall,3,14,6,640.21,93.6,29.01,44.69,44.69,5.23,237,237,12.22,12.22,10,1/7 (14%),,1-0 (100%),10-6 (62%),2026-10-05,Worse score margin vs common opponents,14.46
13,Scott Stylianou,Rochester,overall,3,14,4,604.8,89.3,25.08,42.42,42.42,5.78,232,232,6.66,6.66,8,3/6 (50%),2-0 (100%),3-0 (100%),5-3 (62%),2026-10-05,Worse score margin vs common opponents,8.85
14,aarav dalal,Ann Arbor Huron,overall,3,5,6,574.11,85.6,21.27,37.58,37.58,5.44,229,229,10.44,10.44,3,0/5 (0%),2-0 (100%),,3-6 (33%),2026-10-03,Fewer wins vs common opponents,11.73
15,Raymond Chai,Midland Dow,overall,3,25,2,570.95,85.2,22.18,40.45,40.45,6.09,217,217,3.92,3.92,16,0/2 (0%),6-0 (100%),6-0 (100%),10-1 (91%),2026-10-05,Worse score margin vs common opponents,14.41
16,Taj Varde,Bloomfield Hills,overall,3,10,8,542.93,81.8,13.85,30.32,30.32,5.49,228,228,11.28,11.28,8,1/8 (12%),1-0 (100%),2-0 (100%),6-7 (46%),2026-10-05,Worse score margin vs common opponents,12.48
17,Will Jones,Bloomfield Hills Brother Rice,overall,3,15,8,550.71,82.8,16.57,36.48,36.48,6.64,223,223,10.61,10.61,11,1/7 (14%),1-0 (100%),2-0 (100%),9-8 (53%),2026-10-06,Lost head-to-head vs player above,12.22
18,Simon Babcock,Berkley,overall,3,12,4,573.65,85.5,24.55,42.76,42.76,6.07,216,216,7.64,7.64,10,1/5 (20%),1-0 (100%),3-0 (100%),7-4 (64%),2026-09-29,Lost head-to-head vs player above,13.23
19,Jayen Bastani,Birmingham Groves,overall,3,12,3,555.95,83.4,21.43,38.81,38.81,5.79,215,215,7.41,7.41,10,2/5 (40%),,2-0 (100%),9-1 (90%),2026-10-03,Lost head-to-head vs player above,12.13
20,Zeke DeYoung,Holland Christian,overall,3,14,6,601.19,88.9,28.18,45.43,45.43,5.75,217,217,10.44,10.44,14,1/7 (14%),,3-0 (100%),11-6 (65%),2026-10-05,Worse score margin vs common opponents,13.05
21,Amogh Kodur,Haslett,overall,3,22,3,579.65,86.3,26.94,50.35,50.35,7.8,210,210,4.72,4.72,15,0/3 (0%),6-0 (100%),7-0 (100%),8-3 (73%),2026-10-06,Lost head-to-head vs player above,13.83
22,Reyu Kini,Novi,overall,3,11,7,573.49,85.5,26.58,41.96,41.96,5.13,212,212,9.05,9.05,8,1/7 (14%),1-0 (100%),5-0 (100%),3-5 (38%),2026-10-03,Lower power rating,12.66
23,Matthew Wendrick,Brighton,overall,3,13,8,529.95,80.2,18.58,35.15,35.15,5.52,211,211,5.94,5.94,8,0/8 (0%),4-0 (100%),6-0 (100%),2-6 (25%),2026-10-06,Lost head-to-head vs player above,9.4
24,Justin Platt,Grosse Pointe Woods University Liggett,overall,3,18,8,504.46,77.1,14.77,31.8,31.8,5.67,210,210,6.06,6.06,5,1/9 (11%),6-0 (100%),1-0 (100%),4-8 (33%),2026-10-06,Fewer wins vs common opponents,8.38
25,Tyler Keillor,Ludington,overall,3,33,1,568.16,84.9,25.48,53.66,53.66,9.39,205,205,1.32,1.32,20,0/1 (0%),11-0 (100%),10-0 (100%),10-1 (91%),2026-10-05,Worse score margin vs common opponents,16.79
26,Sam Ogilvie,Grand Rapids Forest Hills Northern,overall,3,10,8,528.58,80.1,20.2,36.89,36.89,5.56,205,205,11.02,11.02,8,0/5 (0%),,1-0 (100%),7-8 (47%),2026-10-05,Worse score margin vs common opponents,12.87
27,Ryder Lacourse,Big Rapids,overall,3,15,2,517.18,78.7,21.93,44.73,44.73,7.6,197,197,2.85,2.85,8,2/4 (50%),4-0 (100%),3-0 (100%),5-2 (71%),2026-10-05,Worse score margin vs common opponents,10.97
28,Micah Kim,Rochester Adams,overall,3,4,4,437.56,69.0,12.74,31.74,31.74,6.33,183,183,9.64,9.64,2,0/3 (0%),1-0 (100%),,2-3 (40%),2026-10-05,Lower power rating,10.59
29,Gabe Cooper,Jackson Lumen Christi,overall,3,27,5,532.54,80.5,22.7,43.52,43.52,6.94,199,199,2.9,2.9,13,1/6 (17%),11-0 (100%),6-0 (100%),7-5 (58%),2026-10-03,Lower power rating,9.51
30,Isaac Watkin,Holland West Ottawa,overall,3,16,5,549.81,82.6,25.36,40.91,40.91,5.19,202,202,4.89,4.89,11,1/6 (17%),3-0 (100%),6-0 (100%),5-5 (50%),2026-10-02,Lower power rating,9.31
31,Ethan Zuidema,Grandville,overall,3,16,6,512.45,78.1,19.67,36.38,36.38,5.57,196,196,5.08,5.08,13,0/4 (0%),2-0 (100%),8-0 (100%),5-5 (50%),2026-10-02,Lost head-to-head vs player above,9.16
32,Micah Avery,East Grand Rapids,overall,3,8,10,483.1,74.5,15.28,32.47,32.47,5.73,196,196,8.34,8.34,7,1/8 (12%),1-0 (100%),6-1 (86%),1-8 (11%),2026-09-26,Worse score margin vs common opponents,9.48
33,Owen Pierce,Maple City Glen Lake,overall,3,14,13,498.22,76.4,16.85,35.92,35.92,6.36,197,197,6.88,6.88,11,1/12 (8%),1-0 (100%),7-0 (100%),5-12 (29%),2026-10-03,Worse score margin vs common opponents,6.2
34,Gavin Griffen,Grand Rapids South Christian,overall,3,20,4,516.26,78.6,20.92,41.13,41.13,6.74,195,195,4.2,4.2,13,1/5 (20%),4-0 (100%),10-0 (100%),3-4 (43%),2026-10-02,Worse score margin vs common opponents,10.27
35,Connor McGrath,Romeo,overall,3,9,4,489.62,75.3,17.73,35.54,35.54,5.94,194,194,7.86,7.86,6,0/3 (0%),1-0 (100%),3-0 (100%),3-4 (43%),2026-10-05,Lower power rating,9.52
36,Nav Murali,Ada Forest Hills Eastern,overall,3,22,10,471.95,73.2,10.86,30.74,30.74,6.63,195,195,7.16,7.16,16,0/10 (0%),2-0 (100%),10-0 (100%),7-10 (41%),2026-10-05,Lower power rating,9.45
37,Ty Burton,East Kentwood,overall,3,13,4,460.46,71.8,14.78,32.09,32.09,5.77,187,187,3.93,3.93,7,1/5 (20%),3-0 (100%),6-0 (100%),1-4 (20%),2026-10-05,Worse score margin vs common opponents,7.71
38,Josh Poulson,Portage Central,overall,3,19,8,529.82,80.2,25.14,43.2,43.2,6.02,190,190,6.12,6.12,14,1/9 (11%),3-0 (100%),9-0 (100%),6-8 (43%),2026-10-03,Worse score margin vs common opponents,8.57
39,Jack Johansen,St. Joseph,overall,3,19,8,482.85,74.5,18.45,34.15,34.15,5.23,185,185,5.01,5.01,12,4/12 (33%),4-0 (100%),10-1 (91%),2-7 (22%),2026-10-03,Lost head-to-head vs player above,7.0
40,Ryland Ritsema,Grandville Calvin Christian,overall,3,16,6,493.36,75.8,19.3,37.49,37.49,6.06,192,192,1.59,1.59,8,0/6 (0%),7-0 (100%),7-1 (88%),2-5 (29%),2026-10-02,Lower power rating,5.98
41,Landry McManus,Spring Lake,overall,3,17,8,480.97,74.3,19.33,37.34,37.34,6.0,184,184,5.52,5.52,9,1/9 (11%),3-0 (100%),7-1 (88%),3-7 (30%),2026-10-02,Lost head-to-head vs player above,7.38
42,Jackson Hurley,Muskegon Mona Shores,overall,3,20,3,480.05,74.2,20.03,39.32,39.32,6.43,182,182,1.62,1.62,10,1/4 (25%),8-0 (100%),4-0 (100%),6-3 (67%),2026-10-02,Lost head-to-head vs player above,8.7
43,Tyler Tanudjaja,Plymouth,overall,3,8,5,454.21,71.0,14.85,31.29,31.29,5.48,187,187,2.8,2.8,3,0/4 (0%),4-0 (100%),1-2 (33%),2-2 (50%),2026-10-03,Lower power rating,3.46
44,Gavin Lemm,Saline,overall,3,8,13,418.74,66.7,7.52,25.83,25.83,6.1,186,186,9.16,9.16,3,1/14 (7%),2-0 (100%),2-1 (67%),1-10 (9%),2026-10-03,Lost head-to-head vs player above,6.14
45,Ethan Wu,Rochester Hills Stoney Creek,overall,3,12,11,418.14,66.7,8.66,26.35,26.35,5.9,182,182,6.55,6.55,5,0/9 (0%),4-0 (100%),4-0 (100%),1-11 (8%),2026-10-05,Worse score margin vs common opponents,5.56
46,Reyer Thornell Timmer,Grand Haven,overall,3,9,15,416.24,66.4,8.31,25.12,25.12,5.6,181,181,7.31,7.31,6,1/15 (7%),,4-2 (67%),3-13 (19%),2026-10-05,Worse score margin vs common opponents,4.1
47,Zeke Sandholm,Byron Center,overall,3,17,7,408.82,65.5,5.61,25.88,25.88,6.76,180,180,5.41,5.41,12,3/10 (30%),2-0 (100%),5-1 (83%),7-6 (54%),2026-10-05,Lost head-to-head vs player above,8.72
48,Jack Devereaux,Jenison,overall,3,15,9,408.18,65.4,8.45,26.95,26.95,6.17,177,177,2.75,2.75,7,0/8 (0%),5-0 (100%),8-1 (89%),0-7 (0%),2026-10-02,Lost head-to-head vs player above,4.87
49,Jace DeJong,Hudsonville,overall,3,2,23,350.04,58.4,-1.79,17.54,17.54,6.44,176,176,7.98,7.98,2,0/20 (0%),,2-4 (33%),0-17 (0%),2026-10-02,Lost head-to-head vs player above,0.65
50,Sanjay Rajesh,Lake Orion,overall,3,15,4,442.62,69.6,16.52,37.59,37.59,7.02,177,177,-0.13,-0.13,4,2/6 (33%),11-0 (100%),3-0 (100%),1-4 (20%),2026-09-28,Worse score margin vs common opponents,4.75
51,Angelo Restauri,Utica Eisenhower,overall,3,22,11,409.2,65.6,8.33,25.43,25.43,5.7,176,176,3.96,3.96,9,2/12 (17%),8-0 (100%),4-1 (80%),5-7 (42%),2026-10-05,Lost head-to-head vs player above,7.77
52,Nate Yeamans,Grosse Pointe South,overall,3,8,6,451.63,70.7,20.98,37.9,37.9,5.64,168,168,6.31,6.31,5,2/8 (25%),1-0 (100%),1-0 (100%),4-5 (44%),2026-10-05,Lost head-to-head vs player above,7.77
53,Jacob Payne,Lansing Catholic,overall,3,23,4,473.04,73.3,24.11,41.74,41.74,5.88,170,170,0.82,0.82,8,1/5 (20%),10-0 (100%),6-0 (100%),3-3 (50%),2026-10-03,Worse score margin vs common opponents,6.77
54,Brayden Bowman,Kalamazoo Christian,overall,3,19,4,415.79,66.4,15.86,34.17,34.17,6.1,165,165,0.83,0.83,4,0/3 (0%),10-0 (100%),4-0 (100%),0-4 (0%),2026-10-03,Worse score margin vs common opponents,5.99
55,King Nelson,Detroit U-D Jesuit,overall,3,3,13,352.02,58.6,3.58,23.38,23.38,6.6,163,163,10.23,10.23,2,0/11 (0%),1-0 (100%),0-1 (0%),2-11 (15%),2026-09-29,Lower power rating,5.19
56,Anderson Farnquist,Paw Paw,overall,3,15,3,439.55,69.3,21.16,38.71,38.71,5.85,163,163,0.38,0.38,5,1/4 (25%),5-0 (100%),5-1 (83%),0-2 (0%),2026-09-29,Lower power rating,4.58
57,Jackson Cortese,Grand Rapids Forest Hills Central,overall,3,9,14,391.94,63.5,11.6,29.69,29.69,6.03,162,162,7.79,7.79,4,0/12 (0%),2-0 (100%),3-2 (60%),1-12 (8%),2026-10-05,Fewer wins vs common opponents,5.21
58,Brady Stinnett,Dexter,overall,3,10,7,378.2,61.8,13.31,28.98,28.98,5.23,153,153,5.22,5.22,2,0/7 (0%),6-0 (100%),1-1 (50%),1-6 (14%),2026-09-29,Worse score margin vs common opponents,6.16
59,Jacob Nichols,Richland Gull Lake,overall,3,11,6,396.53,64.0,16.36,31.18,31.18,4.94,151,151,4.33,4.33,7,0/4 (0%),2-0 (100%),6-1 (86%),1-5 (17%),2026-10-03,Lost head-to-head vs player above,7.03
60,Blake Bellingar,Williamston,overall,3,13,4,382.75,62.4,17.51,35.38,35.38,5.96,145,145,1.28,1.28,3,0/3 (0%),7-0 (100%),3-0 (100%),0-4 (0%),2026-10-03,Lower power rating,5.98
61,Gavin Wurm,Rockford,overall,3,6,21,307.35,53.2,-10.47,10.96,10.96,7.14,175,175,7.32,7.32,4,1/21 (5%),2-0 (100%),4-2 (67%),0-18 (0%),2026-10-05,Lower power rating,1.9
62,Allan Hu,Northville,overall,3,6,13,341.36,57.3,8.82,25.52,25.52,5.57,145,145,8.46,8.46,2,0/13 (0%),3-0 (100%),3-2 (60%),0-11 (0%),2026-10-03,Lost head-to-head vs player above,4.32
63,Kingston Alford,Southgate Anderson,overall,3,18,7,417.2,66.5,20.68,40.97,40.97,6.76,151,151,2.47,2.47,7,2/9 (22%),10-0 (100%),7-0 (100%),0-7 (0%),2026-10-03,Worse score margin vs common opponents,4.82
64,Andy McGivney,Grand Rapids Catholic Central,overall,3,10,9,367.05,60.5,7.24,24.24,24.24,5.67,161,161,2.56,2.56,5,1/9 (11%),4-1 (80%),4-1 (80%),1-6 (14%),2026-09-29,Lower power rating,2.6
65,Albert Mottlau,Edwardsburg,overall,3,6,4,392.55,63.5,12.49,29.25,29.25,5.59,162,162,0.11,0.11,4,2/5 (40%),2-2 (50%),4-2 (67%),,2026-09-29,Lower power rating,-0.18
66,Prajus Prabhu,Grand Ledge,overall,3,10,4,411.83,65.9,17.11,33.71,33.71,5.53,160,160,0.39,0.39,4,1/5 (20%),4-0 (100%),4-1 (80%),0-2 (0%),2026-10-05,Lost head-to-head vs player above,3.13
67,Sam Skinner,Trenton,overall,3,18,4,384.34,62.6,16.21,36.73,36.73,6.84,149,149,-1.6,-1.6,4,2/6 (33%),11-0 (100%),4-3 (57%),0-1 (0%),2026-10-03,Lower power rating,2.31
68,Max Langschwager,Holt,overall,3,13,15,372.54,61.1,9.92,27.93,27.93,6.0,159,159,3.79,3.79,2,2/16 (12%),7-0 (100%),2-3 (40%),0-10 (0%),2026-10-06,Lower power rating,2.0
69,Eli Montague,Kalamazoo Central,overall,3,11,7,345.06,57.8,8.87,25.9,25.9,5.68,149,149,-0.67,-0.67,2,1/7 (14%),6-1 (86%),2-2 (50%),0-4 (0%),2026-10-03,Lost head-to-head vs player above,0.84
70,Ethan Vergara,Mattawan,overall,3,8,11,339.19,57.1,6.25,22.43,22.43,5.4,148,148,5.84,5.84,6,2/11 (18%),2-0 (100%),3-1 (75%),3-10 (23%),2026-10-05,Lost head-to-head vs player above,4.82
71,Joseph Schilling,Canton,overall,3,11,4,359.38,59.5,12.21,28.84,28.84,5.54,144,144,2.54,2.54,6,2/6 (33%),4-0 (100%),5-2 (71%),1-2 (33%),2026-10-03,Lower power rating,4.59
72,Owen Goodrich,Macomb L'Anse Creuse North,overall,3,15,4,376.73,61.6,16.3,36.2,36.2,6.63,142,142,1.26,1.26,7,4/8 (50%),6-0 (100%),6-2 (75%),1-2 (33%),2026-10-05,Lost head-to-head vs player above,5.94
73,Adam Cunningham,Clinton Township Chippewa Valley,overall,3,13,4,378.24,61.8,19.85,35.71,35.71,5.29,138,138,-0.14,-0.14,2,0/3 (0%),8-0 (100%),3-0 (100%),0-3 (0%),2026-09-29,Lost head-to-head vs player above,5.88
74,Zach Devos,Grand Rapids Christian,overall,3,11,12,302.55,52.6,-0.77,18.66,18.66,6.48,147,147,6.68,6.68,6,0/12 (0%),3-0 (100%),4-1 (80%),2-11 (15%),2026-10-05,Lower power rating,3.2
75,Finn Clarke,Petoskey,overall,3,12,8,396.88,64.1,20.28,36.4,36.4,5.37,138,138,5.85,5.85,11,1/7 (14%),1-0 (100%),6-3 (67%),5-5 (50%),2026-09-23,Lost head-to-head vs player above,7.37
76,Oliver Jacques,Sparta,overall,3,16,5,354.8,59.0,17.98,38.65,38.65,6.89,126,126,1.63,1.63,8,0/4 (0%),8-0 (100%),8-0 (100%),0-5 (0%),2026-09-28,Worse score margin vs common opponents,5.97
77,Brogan Oxley,Battle Creek Lakeview,overall,3,18,9,303.88,52.8,7.26,23.64,23.64,5.46,128,128,2.05,2.05,7,1/10 (10%),7-0 (100%),5-2 (71%),2-7 (22%),2026-10-03,Lower power rating,3.66
78,Gavin Eifert,St. Clair,overall,3,19,11,324.42,55.3,9.2,26.0,26.0,5.6,134,134,2.76,2.76,6,2/13 (15%),8-0 (100%),5-2 (71%),1-8 (11%),2026-10-03,Worse score margin vs common opponents,3.31
79,Jack Pfeiffer,Bay City John Glenn,overall,3,12,3,368.54,60.6,23.63,42.15,42.15,6.17,125,125,-2.41,-2.41,1,0/3 (0%),10-1 (91%),1-1 (50%),0-1 (0%),2026-10-05,Worse score margin vs common opponents,2.8
80,Logan Gillis,Bay City Western,overall,3,11,7,334.27,56.5,16.24,34.51,34.51,6.09,124,124,0.97,0.97,3,0/7 (0%),5-1 (83%),3-4 (43%),0-2 (0%),2026-10-05,Lost head-to-head vs player above,1.15
81,Andrew Colasanti,Zeeland East,overall,3,11,17,307.95,53.3,9.07,26.7,26.7,5.87,127,127,5.1,5.1,4,2/17 (12%),5-0 (100%),4-5 (44%),0-12 (0%),2026-10-02,Worse score margin vs common opponents,2.11
82,Gus Johnson,Hamilton,overall,3,15,8,324.73,55.3,13.38,29.94,29.94,5.52,123,123,2.58,2.58,7,1/9 (11%),5-0 (100%),6-2 (75%),1-6 (14%),2026-10-02,Lost head-to-head vs player above,4.09
83,Trey Meeuwsen,Zeeland West,overall,3,8,5,331.15,56.1,15.74,32.72,32.72,5.66,120,120,6.75,6.75,6,1/6 (17%),2-0 (100%),2-1 (67%),4-4 (50%),2026-10-05,Lost head-to-head vs player above,7.91
84,Milo Woodruff,Traverse City Central,overall,3,18,13,316.35,54.3,10.84,28.02,28.02,5.73,119,119,6.21,6.21,14,1/10 (10%),2-0 (100%),7-1 (88%),7-10 (41%),2026-10-05,Lost head-to-head vs player above,8.78
85,Alex Tian,South Lyon East,overall,3,14,4,252.08,46.5,23.98,40.1,40.1,5.37,61,61,2.19,2.19,6,1/5 (20%),7-0 (100%),4-0 (100%),2-3 (40%),2026-10-02,Fewer wins vs common opponents,9.23
86,Patrick Elmquest,Traverse City West,overall,3,16,12,297.71,52.0,8.2,24.14,24.14,5.31,118,118,5.3,5.3,12,0/11 (0%),2-0 (100%),10-2 (83%),2-10 (17%),2026-09-30,Worse score margin vs common opponents,6.55
87,Parker Haggitt,Saginaw Heritage,overall,3,11,2,286.09,50.6,11.67,29.27,29.27,5.87,113,113,-2.7,-2.7,2,0/2 (0%),6-0 (100%),3-1 (75%),,2026-10-01,Lower power rating,4.3
88,Eitan Katz,West Bloomfield FJA,overall,3,8,2,308.52,53.3,15.14,35.25,35.25,6.7,116,116,-1.5,-1.5,1,0/1 (0%),6-0 (100%),1-0 (100%),0-1 (0%),2026-09-28,Worse score margin vs common opponents,5.06
89,reed mihalik,Allen Park,overall,3,16,2,167.07,36.2,16.86,36.81,36.81,6.65,40,40,-3.6,-3.6,3,1/2 (50%),10-0 (100%),3-2 (60%),,2026-10-01,Lower power rating,4.13
90,Bruce Weng,Salem,overall,3,1,7,256.48,47.0,5.4,21.77,21.77,5.45,112,112,7.91,7.91,1,0/7 (0%),,1-3 (25%),0-3 (0%),2026-09-22,Lower power rating,-2.19
91,Ioan DeWinkle,Hartland,overall,3,16,7,271.85,48.9,9.15,25.9,25.9,5.58,111,111,-0.9,-0.9,3,0/7 (0%),11-1 (92%),3-2 (60%),0-3 (0%),2026-10-05,Lost head-to-head vs player above,2.19
92,Luke Davis,Traverse City St Francis,overall,3,8,16,268.46,48.5,8.92,26.23,26.23,5.77,108,108,6.62,6.62,3,1/17 (6%),2-0 (100%),2-2 (50%),1-14 (7%),2026-09-26,Lower power rating,1.13
93,Jackson Hill,Cadillac,overall,3,9,9,244.92,45.6,6.56,23.09,23.09,5.51,102,102,4.09,4.09,4,1/10 (10%),3-0 (100%),3-0 (100%),1-9 (10%),2026-09-28,Worse score margin vs common opponents,2.96
94,Bode Rush,Jackson Northwests,overall,3,14,3,289.98,51.1,18.38,34.99,34.99,5.54,98,98,-1.97,-1.97,2,1/4 (25%),10-1 (91%),2-1 (67%),0-1 (0%),2026-09-28,Worse score margin vs common opponents,1.26
95,Caleb Robbins,Vicksburg,overall,3,9,11,256.8,47.1,10.96,27.85,27.85,5.63,98,98,2.87,2.87,3,2/11 (18%),6-1 (86%),2-5 (29%),1-5 (17%),2026-09-29,Fewer wins vs common opponents,2.12
96,Andrew Scheske,Sturgis,overall,3,12,8,211.98,41.6,2.55,20.66,20.66,6.04,97,97,1.32,1.32,3,2/9 (22%),6-0 (100%),3-3 (50%),1-4 (20%),2026-10-05,Lost head-to-head vs player above,3.55
97,Arjun Lamuth,Marshall,overall,3,8,7,263.55,47.9,14.21,30.24,30.24,5.34,95,95,-1.11,-1.11,2,4/11 (36%),6-1 (86%),2-6 (25%),,2026-10-05,Lost head-to-head vs player above,-1.17
98,Reave Smith,Midland,overall,3,15,6,267.0,48.3,18.94,34.88,34.88,5.32,83,83,0.5,0.5,4,1/7 (14%),9-0 (100%),5-4 (56%),0-2 (0%),2026-10-05,Worse score margin vs common opponents,2.85
99,Beau Habitz,Midland Bullock Creek,overall,3,5,1,149.41,34.0,12.2,29.34,29.34,5.71,45,45,-3.39,-3.39,0,1/2 (50%),4-0 (100%),0-1 (0%),,2026-10-05,Lost head-to-head vs player above,3.64
100,Ethan Dent,Grand Rapids Kenowa Hills,overall,3,8,2,135.13,32.3,10.75,26.71,26.71,5.32,41,41,-1.41,-1.41,0,0/2 (0%),7-0 (100%),0-1 (0%),0-1 (0%),2026-09-21,Lower power rating,2.98
101,Aiden Riffel,Middleville Thornapple Kellogg,overall,3,6,13,225.53,43.3,13.52,30.35,30.35,5.61,75,75,3.83,3.83,4,1/14 (7%),2-1 (67%),4-3 (57%),0-7 (0%),2026-10-02,Worse score margin vs common opponents,1.66
102,Maksym Zimmerman,Grand Rapids West Catholic,overall,3,10,8,194.98,39.6,10.93,28.43,28.43,5.84,65,65,2.59,2.59,6,3/11 (27%),4-0 (100%),5-2 (71%),1-6 (14%),2026-10-02,Lost head-to-head vs player above,2.74
103,Nick Karabestos,Three Rivers,overall,3,10,4,119.68,30.4,3.21,20.37,20.37,5.72,51,51,-2.84,-2.84,2,0/2 (0%),7-0 (100%),2-4 (33%),,2026-10-05,Lower power rating,2.33
104,Drew Schriber,Imlay City,overall,3,15,3,200.95,40.3,20.53,37.06,37.06,5.51,49,49,-5.52,-5.52,2,0/3 (0%),10-0 (100%),3-3 (50%),,2026-10-05,Lower power rating,2.27
105,Oscar Brautnick,Milford,overall,3,8,2,160.33,35.4,17.3,34.15,34.15,5.62,35,35,-1.45,-1.45,3,3/4 (75%),4-0 (100%),3-1 (75%),0-1 (0%),2026-10-02,Lower power rating,1.78
106,Dillon Gagnon,Alpena,overall,3,4,8,162.07,35.6,3.49,18.46,18.46,4.99,71,71,2.21,2.21,1,0/8 (0%),3-0 (100%),1-3 (25%),0-4 (0%),2026-09-23,Lower power rating,1.04
107,Noah Marquardt,Harbor Springs,overall,3,4,4,170.77,36.6,6.48,22.91,22.91,5.48,70,70,-3.34,-3.34,0,0/4 (0%),3-0 (100%),0-2 (0%),,2026-09-28,Lost head-to-head vs player above,0.86
108,Daniel Beaver,Eaton Rapids,overall,3,9,6,178.91,37.6,8.73,24.65,24.65,5.3,68,68,-1.63,-1.63,0,1/7 (14%),8-1 (89%),0-3 (0%),0-2 (0%),2026-10-05,Lower power rating,-0.2
109,Lincoln Williams,Dewitt,overall,3,7,14,155.62,34.8,3.2,20.21,20.21,5.67,68,68,4.21,4.21,1,0/12 (0%),4-0 (100%),1-5 (17%),0-6 (0%),2026-10-06,Worse score margin vs common opponents,-0.63
110,Noah Schultz,St. Johns,overall,3,9,11,183.45,38.2,9.58,26.07,26.07,5.49,67,67,-0.05,-0.05,1,0/11 (0%),8-2 (80%),1-3 (25%),0-5 (0%),2026-09-30,Lost head-to-head vs player above,-1.44
111,Luis Portilho-DeCarnalh,Fowlerville,overall,3,12,7,193.7,39.4,12.13,27.53,27.53,5.13,66,66,-1.02,-1.02,1,1/8 (12%),9-3 (75%),1-2 (33%),0-2 (0%),2026-10-06,Lost head-to-head vs player above,-0.58
112,Nick Hamel,Lake Fenton,overall,3,13,4,206.55,41.0,18.11,34.99,34.99,5.63,58,58,-3.15,-3.15,1,1/4 (25%),9-0 (100%),1-4 (20%),,2026-10-06,Worse score margin vs common opponents,-0.18
113,Alexander Wrask,Goodrich,overall,3,13,4,181.0,37.9,13.48,32.23,32.23,6.25,57,57,-3.92,-3.92,1,3/7 (43%),12-2 (86%),1-1 (50%),0-1 (0%),2026-10-06,Lost head-to-head vs player above,0.57
114,Robbie Majoras,Kalamazoo Hackett Catholic Prep,overall,3,10,8,168.6,36.4,8.34,25.62,25.62,5.76,62,62,-0.3,-0.3,2,1/9 (11%),7-0 (100%),2-3 (40%),0-5 (0%),2026-10-05,Lower power rating,-0.75
115,Gage Mashburn,Allegan,overall,3,20,16,134.52,32.2,6.2,22.2,22.2,5.33,50,50,0.88,0.88,2,1/15 (7%),12-2 (86%),2-3 (40%),0-9 (0%),2026-09-28,Lost head-to-head vs player above,1.35
116,Sam Grezlik,Dearborn Divine Child,overall,3,8,1,135.02,32.3,9.91,31.79,31.79,7.3,44,44,-5.22,-5.22,0,0/1 (0%),6-0 (100%),0-1 (0%),,2026-10-05,Worse score margin vs common opponents,1.42
117,Dhan Patel,Grand Blanc,overall,3,6,9,139.45,32.8,9.72,27.31,27.31,5.86,45,45,1.62,1.62,0,0/6 (0%),4-2 (67%),0-4 (0%),0-3 (0%),2026-10-01,Lower power rating,0.55
118,Jackson Garbaty,South Lyon,overall,3,7,4,113.99,29.7,9.73,27.16,27.16,5.81,32,32,-0.45,-0.45,1,1/4 (25%),5-0 (100%),1-1 (50%),0-2 (0%),2026-10-02,Worse score margin vs common opponents,1.15
119,Charlie Cotts,Battle Creek Harper Creek,overall,3,11,5,148.88,34.0,9.05,26.55,26.55,5.83,50,50,-1.92,-1.92,3,3/7 (43%),7-1 (88%),3-4 (43%),,2026-10-05,Lower power rating,-0.07
120,Roman Gehring,Mount Pleasant,overall,3,5,5,97.98,27.8,1.21,19.79,19.79,6.19,46,46,-0.26,-0.26,0,0/5 (0%),4-0 (100%),1-4 (20%),0-1 (0%),2026-10-01,Lower power rating,-2.09
121,Asher Akinpeloye,Flint Powers Catholic,overall,3,6,9,98.93,27.9,1.62,21.29,21.29,6.56,45,45,1.62,1.62,0,0/8 (0%),4-1 (80%),1-4 (20%),0-4 (0%),2026-10-06,Lost head-to-head vs player above,-2.42
122,Parker Rayner,Oxford,overall,3,10,4,132.49,32.0,10.85,31.82,31.82,6.99,40,40,-3.69,-3.69,0,1/5 (20%),8-0 (100%),0-3 (0%),,2026-10-06,Worse score margin vs common opponents,1.02
123,Nolan Cybulski,Utica Ford,overall,3,9,12,108.74,29.1,5.8,24.46,24.46,6.22,38,38,4.4,4.4,1,1/13 (8%),6-0 (100%),1-0 (100%),0-12 (0%),2026-10-05,Lower power rating,0.0
124,Jakoby Schwab,Gibraltar Carlson,overall,3,11,11,106.64,28.8,6.91,24.98,24.98,6.03,36,36,0.09,0.09,0,2/11 (18%),9-0 (100%),0-9 (0%),0-1 (0%),2026-09-29,Worse score margin vs common opponents,0.5
125,Spencer Miller,Wayland,overall,3,6,9,75.82,25.1,-0.29,17.28,17.28,5.86,38,38,2.49,2.49,0,0/6 (0%),5-0 (100%),0-5 (0%),0-4 (0%),2026-10-02,Lower power rating,-0.2
126,Will Mihalek,Coopersville,overall,3,7,7,61.75,23.4,-1.01,16.64,16.64,5.88,34,34,-2.45,-2.45,0,0/5 (0%),7-1 (88%),0-4 (0%),0-1 (0%),2026-09-24,Lost head-to-head vs player above,-0.73
127,Jack Totin,Grosse Pointe North,overall,3,8,16,122.1,30.7,9.05,25.83,25.83,5.59,37,37,2.58,2.58,1,1/16 (6%),6-1 (86%),1-4 (20%),0-9 (0%),2026-10-05,Lower power rating,-1.48
128,Kaiden DuRussel,Bay City Central,overall,3,7,8,133.96,32.1,8.81,23.59,23.59,4.93,44,44,0.7,0.7,1,3/10 (30%),5-1 (83%),1-5 (17%),0-2 (0%),2026-10-01,Lower power rating,-2.27
129,Colin Niemi,Parma Western,overall,3,7,16,49.49,21.9,-4.32,14.02,14.02,6.11,34,34,3.1,3.1,1,0/15 (0%),4-2 (67%),1-8 (11%),0-6 (0%),2026-09-28,Lower power rating,-3.51
130,Logun Fisher,Coldwater,overall,3,8,8,83.03,26.0,2.97,19.48,19.48,5.5,33,33,-1.75,-1.75,2,1/7 (14%),6-2 (75%),2-5 (29%),,2026-09-28,Lost head-to-head vs player above,-0.41
131,Grant Wilson,Kalamazoo Loy Norrix,overall,3,8,15,53.83,22.4,-0.92,18.45,18.45,6.46,28,28,1.82,1.82,1,1/14 (7%),5-1 (83%),1-5 (17%),0-7 (0%),2026-10-05,Lost head-to-head vs player above,-0.39
132,Donovan Padgett,West Bloomfield,overall,3,4,7,72.07,24.6,2.52,22.59,22.59,6.69,28,28,3.83,3.83,1,1/4 (25%),2-0 (100%),1-2 (33%),0-5 (0%),2026-10-03,Worse score margin vs common opponents,2.22
133,Charlie Scott,Caledonia,overall,3,8,10,14.2,17.6,-8.36,13.12,13.12,7.16,27,27,0.94,0.94,1,1/10 (10%),5-0 (100%),2-5 (29%),0-5 (0%),2026-10-02,Lower power rating,0.27
134,Cole Miller,Grand Rapids NorthPointe Christian,overall,3,7,16,99.97,28.0,8.45,26.72,26.72,6.09,26,26,5.34,5.34,2,1/14 (7%),4-0 (100%),2-4 (33%),0-10 (0%),2026-10-05,Fewer wins vs common opponents,0.78
135,Jack Koebel,Walled Lake Central,overall,3,7,6,102.22,28.3,9.79,27.75,27.75,5.98,27,27,-1.59,-1.59,0,1/6 (17%),6-0 (100%),0-4 (0%),0-1 (0%),2026-10-02,Lower power rating,-0.04
136,William (Liam) Beck,Port Huron Northern,overall,3,11,5,80.51,25.7,6.43,22.46,22.46,5.35,23,23,-1.37,-1.37,2,0/2 (0%),8-1 (89%),2-2 (50%),0-2 (0%),2026-09-29,Worse score margin vs common opponents,3.5
137,Maruf Siddique,Warren Mott,overall,3,7,1,130.38,31.7,20.46,37.27,37.27,5.6,13,13,-2.01,-2.01,2,1/2 (50%),3-0 (100%),2-0 (100%),0-1 (0%),2026-09-29,Lower power rating,3.2
138,Cooper Stankus,Portage Northern,overall,3,8,12,45.06,21.4,-0.2,16.96,16.96,5.72,21,21,2.05,2.05,2,0/8 (0%),6-1 (86%),2-5 (29%),0-6 (0%),2026-10-05,Lower power rating,1.59
139,Ethan Stacer,Almont,overall,3,12,2,95.21,27.4,12.49,30.33,30.33,5.94,17,17,-5.69,-5.69,1,0/2 (0%),7-0 (100%),2-2 (50%),,2026-10-05,Lower power rating,1.27
140,Cormac Custance,Fraser,overall,3,12,7,109.83,29.2,12.07,28.84,28.84,5.59,25,25,-1.17,-1.17,0,0/7 (0%),9-1 (90%),0-2 (0%),0-3 (0%),2026-10-06,Lower power rating,-0.44
141,Rishik Rajaram,Troy Athens,overall,3,2,19,41.09,20.9,-5.5,17.57,17.57,7.69,32,32,9.2,9.2,0,0/19 (0%),2-0 (100%),0-3 (0%),0-13 (0%),2026-10-06,Lower power rating,-1.01
142,Brady Messenger,Flint Kearsley,overall,3,9,7,89.04,26.7,5.94,23.8,23.8,5.95,31,31,-5.41,-5.41,0,0/4 (0%),7-5 (58%),0-1 (0%),,2026-09-29,Lower power rating,-4.47
143,Keagan Spielman,Owosso,overall,3,9,7,66.13,23.9,3.62,19.6,19.6,5.32,25,25,-4.09,-4.09,0,1/6 (17%),8-3 (73%),0-4 (0%),,2026-10-06,Lost head-to-head vs player above,-1.67
144,Jacob Pittel,Pontiac Notre Dame Prep,overall,3,3,9,30.79,19.6,-5.54,14.26,14.26,6.6,29,29,0.94,0.94,0,0/9 (0%),2-2 (50%),0-6 (0%),0-1 (0%),2026-10-06,Lower power rating,-4.66
145,Carter Radtke,Essexville Garber,overall,3,11,7,57.49,22.9,1.06,19.98,19.98,6.31,26,26,-2.78,-2.78,1,0/6 (0%),8-2 (80%),1-5 (17%),,2026-10-05,Worse score margin vs common opponents,-1.72
146,Aiden Kobylarz,Farmington,overall,3,7,8,68.19,24.2,3.67,20.38,20.38,5.57,25,25,-0.41,-0.41,0,0/8 (0%),5-0 (100%),0-5 (0%),0-2 (0%),2026-10-02,Lower power rating,-1.75
147,Carter Martin,Holland,overall,3,2,18,64.48,23.7,2.24,21.12,21.12,6.29,25,25,6.52,6.52,0,1/19 (5%),1-1 (50%),0-4 (0%),0-10 (0%),2026-10-05,Lower power rating,-3.95
148,Jones McDowell,Whitehall,overall,3,8,11,48.58,21.8,-0.16,17.61,17.61,5.92,24,24,-0.36,-0.36,1,0/11 (0%),7-2 (78%),1-3 (25%),0-6 (0%),2026-10-05,Lost head-to-head vs player above,-2.0
149,Bruno Nivoloni,Fruitport,overall,3,7,6,88.76,26.7,8.72,25.54,25.54,5.61,23,23,-4.73,-4.73,1,1/7 (14%),6-1 (86%),1-2 (33%),0-3 (0%),2026-10-02,Lost head-to-head vs player above,0.27
150,John Polster,Dearborn Edsel Ford,overall,3,10,6,94.31,27.3,9.95,27.96,27.96,6.0,23,23,-3.03,-3.03,0,1/6 (17%),8-0 (100%),0-6 (0%),,2026-10-02,Lower power rating,-0.48
151,Lucas Sommer,Warren De La Salle Collegiate,overall,3,5,11,33.65,20.0,-1.25,16.41,16.41,5.89,19,19,3.74,3.74,0,0/11 (0%),3-1 (75%),,0-8 (0%),2026-10-05,Lower power rating,-1.61
152,Brayden Foley,Comstock Park,overall,3,9,10,39.56,20.7,-0.31,16.88,16.88,5.73,21,21,-1.82,-1.82,0,3/13 (23%),7-1 (88%),0-5 (0%),0-4 (0%),2026-10-02,Lower power rating,-3.87
153,Braylon Coggins,Clio,overall,3,8,9,50.2,22.0,2.51,17.66,17.66,5.05,20,20,-4.76,-4.76,0,3/12 (25%),7-5 (58%),0-3 (0%),,2026-09-29,Lower power rating,-5.77
154,Anderson Levitt,Croswell-Lexington,overall,3,4,2,73.43,24.8,8.8,26.73,26.73,5.98,16,16,-5.26,-5.26,0,1/3 (33%),4-0 (100%),0-2 (0%),,2026-10-05,Worse score margin vs common opponents,-0.82
155,Andrew Stout,Ann Arbor Father Gabriel Richard,overall,3,3,4,35.6,20.2,1.08,18.78,18.78,5.9,16,16,-3.66,-3.66,0,0/4 (0%),2-1 (67%),,0-1 (0%),2026-09-29,Lower power rating,-1.81
156,Logan Wurfel,Charlotte,overall,3,7,9,70.97,24.5,8.46,24.42,24.42,5.32,15,15,-2.73,-2.73,0,1/8 (12%),6-5 (55%),0-3 (0%),0-1 (0%),2026-10-02,Lower power rating,-4.12
157,Mason Lehman,Royal Oak,overall,3,6,14,30.31,19.6,-0.06,17.21,17.21,5.76,15,15,1.18,1.18,0,1/14 (7%),3-3 (50%),0-5 (0%),0-4 (0%),2026-09-29,Worse score margin vs common opponents,-3.56
158,Brandon Drysdale,Sterling Heights,overall,3,9,4,87.41,26.5,12.5,30.39,30.39,5.96,12,12,-1.33,-1.33,1,0/3 (0%),4-0 (100%),0-2 (0%),1-1 (50%),2026-10-02,Worse score margin vs common opponents,2.66
159,Dominic Brantley,Southfield Arts & Technology,overall,3,3,2,27.12,19.2,0.5,18.89,18.89,6.13,13,13,-2.84,-2.84,0,0/1 (0%),1-1 (50%),0-1 (0%),,2026-09-23,Lower power rating,-1.01
160,Jayce Eshleman,Monroe,overall,3,6,8,46.8,21.6,4.58,22.84,22.84,6.09,11,11,3.75,3.75,0,1/8 (12%),3-1 (75%),0-2 (0%),0-5 (0%),2026-09-29,Lower power rating,-1.25
161,James Spoelma,Mason,overall,3,10,16,5.73,16.6,-4.34,14.52,14.52,6.28,12,12,3.75,3.75,1,0/16 (0%),6-2 (75%),1-3 (25%),0-10 (0%),2026-10-05,Worse score margin vs common opponents,-1.56
162,Jack Park,Utica,overall,3,3,8,30.45,19.6,0.69,17.38,17.38,5.56,13,13,1.92,1.92,0,1/7 (14%),2-2 (50%),0-3 (0%),0-3 (0%),2026-09-29,Lower power rating,-2.5
163,Chris Sawicki,Riverview Gabriel Richard,overall,3,3,8,17.75,18.0,-2.41,14.29,14.29,5.56,15,15,-0.45,-0.45,0,0/8 (0%),2-3 (40%),0-2 (0%),0-2 (0%),2026-09-26,Lower power rating,-4.19
164,Tyler Schwartz,Flushing,overall,3,6,15,-11.44,14.5,-7.89,12.24,12.24,6.71,14,14,-0.03,-0.03,0,1/15 (7%),5-3 (62%),0-7 (0%),0-4 (0%),2026-09-29,Worse score margin vs common opponents,-5.01
165,Joey Ogden,Wyandotte Roosevelt,overall,3,6,11,60.16,23.2,6.61,25.62,25.62,6.34,14,14,-1.87,-1.87,0,0/10 (0%),5-2 (71%),0-7 (0%),0-1 (0%),2026-10-03,Worse score margin vs common opponents,-3.62
166,Tanner Brownell,Portland,overall,3,5,15,32.22,19.8,2.18,18.57,18.57,5.46,11,11,-1.45,-1.45,0,0/14 (0%),5-6 (45%),0-3 (0%),0-4 (0%),2026-10-02,Lower power rating,-5.0
167,Devin Mays,Fenton,overall,3,6,13,32.67,19.9,2.01,19.56,19.56,5.85,12,12,-2.78,-2.78,0,0/13 (0%),6-5 (55%),0-6 (0%),0-1 (0%),2026-09-29,Worse score margin vs common opponents,-3.91
168,Heyaw Temesgen,Dearborn,overall,3,6,6,16.14,17.8,-0.47,18.05,18.05,6.17,10,10,-3.15,-3.15,0,0/5 (0%),4-2 (67%),0-4 (0%),,2026-10-03,Worse score margin vs common opponents,-4.34
169,Jacob Black,Temperance Bedford,overall,3,6,10,33.12,19.9,2.5,19.2,19.2,5.57,10,10,1.13,1.13,0,2/10 (20%),6-1 (86%),0-4 (0%),0-4 (0%),2026-10-01,Worse score margin vs common opponents,-1.65
170,Hunter Souva,Walled Lake Northern,overall,3,6,11,24.93,18.9,0.92,18.12,18.12,5.73,10,10,0.55,0.55,0,1/10 (10%),4-0 (100%),0-6 (0%),0-3 (0%),2026-10-02,Worse score margin vs common opponents,-2.5
171,Riley Rottiers,Frankenmuth,overall,3,2,7,58.11,22.9,5.45,20.7,20.7,5.08,16,16,-2.32,-2.32,0,2/9 (22%),2-4 (33%),0-1 (0%),,2026-10-05,Lower power rating,-7.57
172,Joey Rich,Sandusky,overall,3,10,8,43.23,21.1,3.11,20.08,20.08,5.66,15,15,-4.74,-4.74,0,2/7 (29%),8-4 (67%),0-4 (0%),,2026-09-29,Lost head-to-head vs player above,-4.41
173,Henry Updyke,Ferndale,overall,3,10,3,48.49,21.8,5.53,22.47,22.47,5.65,12,12,-6.49,-6.49,0,2/5 (40%),3-2 (60%),0-1 (0%),,2026-10-05,Lower power rating,-5.99
174,Nathan Shepard,Clawson,overall,3,7,1,64.83,23.8,11.49,29.78,29.78,6.1,3,3,-3.43,-3.43,2,1/2 (50%),4-0 (100%),2-1 (67%),,2026-10-05,Worse score margin vs common opponents,7.07
175,Jack Archambault,Macomb Dakota,overall,3,5,12,-15.21,14.0,-7.83,9.3,9.3,5.71,12,12,-0.18,-0.18,0,0/12 (0%),1-6 (14%),0-2 (0%),0-2 (0%),2026-09-29,Lower power rating,-6.19
176,Mason McMahon,New Baltimore Anchor Bay,overall,3,6,12,-28.56,12.4,-10.1,7.43,7.43,5.84,11,11,-0.17,-0.17,0,0/12 (0%),4-4 (50%),0-4 (0%),0-3 (0%),2026-09-29,Lost head-to-head vs player above,-4.85
177,Brody Tenyer,Marysville,overall,3,8,5,38.87,20.6,4.27,20.65,20.65,5.46,10,10,-5.12,-5.12,0,0/5 (0%),4-3 (57%),0-2 (0%),,2026-09-29,Lost head-to-head vs player above,-4.64
178,Shawon Paul,Hamtramck,overall,3,12,9,17.97,18.1,0.24,18.2,18.2,5.99,10,10,-6.57,-6.57,0,0/8 (0%),11-5 (69%),0-2 (0%),0-1 (0%),2026-10-05,Worse score margin vs common opponents,-5.79
179,Carter Smith,Milan,overall,3,9,7,53.75,22.4,7.56,26.54,26.54,6.33,9,9,-4.19,-4.19,0,0/7 (0%),8-2 (80%),0-3 (0%),0-1 (0%),2026-10-01,Worse score margin vs common opponents,-2.67
180,Leo Nguyen,Jackson,overall,3,3,2,42.98,21.1,5.8,23.13,23.13,5.78,7,7,-0.18,-0.18,0,0/2 (0%),1-0 (100%),,0-1 (0%),2026-10-06,Worse score margin vs common opponents,-2.15
181,Maddox carpenter,Niles Brandywine,overall,3,5,9,12.48,17.4,0.14,16.02,16.02,5.29,5,5,0.51,0.51,1,2/11 (18%),2-3 (40%),1-2 (33%),0-3 (0%),2026-09-28,Lower power rating,-2.56
182,Cody Strauss,Buchanan,overall,3,9,4,29.65,19.5,4.75,23.04,23.04,6.1,4,4,-4.31,-4.31,0,1/4 (25%),7-2 (78%),0-2 (0%),,2026-10-05,Lost head-to-head vs player above,-2.56
183,Grant Groya,Saginaw Nouvel Catholic Central,overall,3,3,4,28.88,19.4,4.03,20.15,20.15,5.37,5,5,-2.62,-2.62,0,0/3 (0%),3-2 (60%),0-2 (0%),,2026-09-25,Lower power rating,-2.58
184,Bronson Schroeder,Greenville,overall,3,8,13,29.68,19.5,3.15,20.96,20.96,5.94,6,6,3.82,3.82,0,0/12 (0%),2-3 (40%),0-2 (0%),0-6 (0%),2026-09-28,Lower power rating,-4.12
185,Evan Deeds,Lowell,overall,3,3,6,38.46,20.6,6.02,23.08,23.08,5.68,3,3,1.62,1.62,1,1/7 (14%),1-1 (50%),1-2 (33%),0-3 (0%),2026-09-26,Lost head-to-head vs player above,-3.52
186,Reed VanStraat,Muskegon Western Michigan Christian,overall,3,7,9,18.68,18.2,2.4,20.73,20.73,6.11,4,4,-2.67,-2.67,0,0/9 (0%),7-2 (78%),0-3 (0%),0-4 (0%),2026-09-29,Worse score margin vs common opponents,-1.82
187,Cody Kohls,North Farmington,overall,3,2,10,-4.36,15.4,-4.45,12.47,12.47,5.64,9,9,-0.26,-0.26,0,0/9 (0%),2-5 (29%),0-1 (0%),0-3 (0%),2026-09-22,Lower power rating,-6.0
188,Ethan Torvik,Auburn Hills Avondale,overall,3,2,5,-37.45,11.3,-10.13,10.82,10.82,6.98,7,7,-1.65,-1.65,0,0/5 (0%),1-2 (33%),0-3 (0%),,2026-10-02,Lower power rating,-6.75
189,Tyson Purcell,Howell,overall,3,6,6,26.98,19.2,1.51,19.95,19.95,6.15,10,10,-1.2,-1.2,0,1/7 (14%),2-1 (67%),0-3 (0%),0-1 (0%),2026-10-03,Lower power rating,-7.04
190,Ryan Pares,Livonia Franklin,overall,3,6,12,23.49,18.7,2.03,21.22,21.22,6.4,8,8,-5.4,-5.4,0,2/13 (15%),6-7 (46%),0-3 (0%),,2026-10-02,Lost head-to-head vs player above,-8.02
191,Caleb Bowman,Ypsilanti Lincoln,overall,3,4,7,19.83,18.3,1.73,17.91,17.91,5.39,6,6,-1.68,-1.68,0,2/8 (25%),2-4 (33%),0-2 (0%),,2026-10-05,Worse score margin vs common opponents,-6.52
192,Josh Phillips,Garden City,overall,3,3,2,47.03,21.6,9.23,29.64,29.64,6.8,2,2,-6.39,-6.39,0,1/3 (33%),2-0 (100%),0-1 (0%),,2026-09-24,Worse score margin vs common opponents,-2.33
193,Jaxon Dunn,Marine City,overall,3,2,3,12.36,17.4,1.54,18.8,18.8,5.75,2,2,1.21,1.21,0,0/3 (0%),2-0 (100%),0-2 (0%),0-1 (0%),2026-09-29,Lower power rating,-2.71
194,Sam Montgomery,Ionia,overall,3,3,5,7.09,16.7,-0.07,15.93,15.93,5.33,5,5,-5.19,-5.19,0,1/6 (17%),3-4 (43%),0-1 (0%),,2026-10-05,Lower power rating,-8.06
195,Wyatt Kavanagh,Yale,overall,3,5,18,-3.77,15.4,-2.75,15.16,15.16,5.97,6,6,-4.09,-4.09,0,2/18 (11%),3-11 (21%),0-4 (0%),,2026-10-05,Lower power rating,-9.4
196,Logan Laginess,Brownstown Woodhaven,overall,3,6,7,7.71,16.8,-0.38,17.87,17.87,6.08,5,5,-0.87,-0.87,0,2/9 (22%),6-2 (75%),0-3 (0%),0-1 (0%),2026-10-03,Worse score margin vs common opponents,-6.32
197,Brystol Perry,Holly,overall,3,4,12,-21.82,13.2,-5.88,11.66,11.66,5.85,4,4,-0.84,-0.84,0,1/11 (9%),3-5 (38%),0-5 (0%),0-1 (0%),2026-09-29,Lower power rating,-6.38
198,Martin Farbitnyk,White Lake Lakeland,overall,3,5,11,-13.19,14.3,-3.55,14.62,14.62,6.06,3,3,-2.99,-2.99,0,2/11 (18%),4-3 (57%),0-5 (0%),0-2 (0%),2026-10-02,Lost head-to-head vs player above,-5.82
199,Nathaniel Scates,Alma,overall,3,6,6,4.07,16.4,-0.32,17.05,17.05,5.79,4,4,-4.75,-4.75,0,1/7 (14%),6-4 (60%),0-2 (0%),,2026-09-25,Lower power rating,-6.77
200,Blake Dyer,Tecumseh,overall,3,5,10,-3.13,15.5,-2.03,16.28,16.28,6.1,4,4,-2.07,-2.07,0,1/9 (11%),4-4 (50%),0-1 (0%),0-2 (0%),2026-09-29,Lower power rating,-6.84
201,Johnny Franks,Battle Creek Pennfield,overall,3,3,14,-46.65,10.2,-10.72,7.58,7.58,6.1,4,4,-2.09,-2.09,0,0/13 (0%),3-7 (30%),0-6 (0%),,2026-10-05,Worse score margin vs common opponents,-5.88
202,Josh Porteuss,Hillsdale,overall,3,3,3,19.52,18.3,3.55,20.7,20.7,5.72,2,2,-4.56,-4.56,0,0/2 (0%),1-1 (50%),,,2026-09-24,Worse score margin vs common opponents,-2.85
203,Aaron Beckett,Cedar Springs,overall,3,3,11,21.86,18.5,3.52,20.53,20.53,5.67,2,2,0.52,0.52,0,1/10 (10%),2-3 (40%),0-3 (0%),0-4 (0%),2026-09-29,Lower power rating,-5.17
204,Viktor Shevchenko,Grand Rapids Northview,overall,3,4,14,-26.65,12.6,-5.61,11.53,11.53,5.71,0,0,2.71,2.71,0,2/15 (13%),2-1 (67%),0-6 (0%),0-4 (0%),2026-10-02,Lost head-to-head vs player above,-4.23
205,Henry Clausen,Elk Rapids,overall,3,1,3,-14.15,14.2,-3.11,13.37,13.37,5.49,1,1,-1.22,-1.22,0,0/3 (0%),1-1 (50%),0-1 (0%),0-1 (0%),2026-09-22,Lower power rating,-5.67
206,Sam Lundberg,Niles,overall,3,8,14,-30.75,12.2,-6.57,12.84,12.84,6.47,1,1,0.14,0.14,0,0/12 (0%),3-3 (50%),0-9 (0%),0-1 (0%),2026-09-29,Lower power rating,-5.86
207,Noah Bellinger,Stevensville Lakeshore,overall,3,2,12,-59.46,8.7,-12.9,6.54,6.54,6.48,2,2,2.03,2.03,0,0/12 (0%),1-3 (25%),0-5 (0%),0-3 (0%),2026-10-05,Worse score margin vs common opponents,-5.92
208,Zach Wilson,Grosse Ile,overall,3,5,13,-41.36,10.9,-9.2,10.57,10.57,6.59,3,3,-2.8,-2.8,0,1/12 (8%),4-6 (40%),0-3 (0%),0-2 (0%),2026-10-03,Lower power rating,-6.25
209,Ethan Houser,Davison,overall,3,4,12,-45.07,10.4,-9.34,11.62,11.62,6.99,1,1,-0.77,-0.77,0,0/11 (0%),2-5 (29%),0-5 (0%),,2026-10-01,Lower power rating,-6.84
210,Abhilash Kuthala,Caro,overall,3,2,3,21.21,18.5,3.11,19.87,19.87,5.58,4,4,-4.78,-4.78,0,0/3 (0%),2-2 (50%),0-1 (0%),,2026-09-24,Lower power rating,-7.26
211,Nate Blake,Armada,overall,3,5,4,-16.96,13.8,-3.14,14.54,14.54,5.89,2,2,-10.58,-10.58,0,0/3 (0%),4-1 (80%),0-1 (0%),,2026-10-05,Worse score margin vs common opponents,-6.89
212,Collin Dennis,Lansing Christian School,overall,3,1,3,10.71,17.2,1.17,19.03,19.03,5.95,3,3,-2.29,-2.29,0,0/3 (0%),1-2 (33%),,0-1 (0%),2026-10-02,Lower power rating,-8.61
213,Micah Ladiski,Ovid-Elsie,overall,3,4,8,-31.99,12.0,-6.5,9.48,9.48,5.33,2,2,-7.09,-7.09,0,1/6 (17%),3-5 (38%),0-2 (0%),,2026-10-05,Lost head-to-head vs player above,-7.7
214,Walter Christophersen,North Muskegon,overall,3,5,24,-51.71,9.6,-11.55,9.16,9.16,6.9,3,3,0.05,0.05,0,0/23 (0%),4-8 (33%),0-5 (0%),0-6 (0%),2026-10-05,Lower power rating,-7.99
215,Nick Macyda,Livonia Stevenson,overall,3,2,6,-41.02,10.9,-8.63,10.39,10.39,6.34,2,2,-3.78,-3.78,0,1/5 (20%),2-3 (40%),0-2 (0%),,2026-10-02,Lower power rating,-8.06
216,Gunnar Hedahl,New Buffalo / Bridgman / Lake Michigan Catholic (LMC),overall,3,3,4,2.45,16.2,0.72,18.17,18.17,5.82,1,1,-6.37,-6.37,0,0/4 (0%),2-2 (50%),,0-1 (0%),2026-10-05,Lower power rating,-8.07
217,jerimah lust,Warren Cousino,overall,3,1,5,-16.82,13.8,-3.83,16.38,16.38,6.74,1,1,0.61,0.61,0,0/5 (0%),1-1 (50%),0-2 (0%),0-2 (0%),2026-09-29,Lower power rating,-8.11
218,Austin Witt,Lake Odessa Lakewood,overall,3,1,9,-37.15,11.4,-7.53,10.62,10.62,6.05,1,1,-3.03,-3.03,0,1/10 (10%),1-5 (17%),0-2 (0%),0-1 (0%),2026-10-02,Lower power rating,-8.24
219,Jonah Perri,Durand,overall,3,3,2,-13.2,14.3,-1.97,14.16,14.16,5.38,1,1,-10.82,-10.82,0,0/2 (0%),2-2 (50%),,,2026-09-21,Lower power rating,-8.28
220,Bruce Beber,Bronson,overall,3,1,6,-25.67,12.8,-5.23,11.9,11.9,5.71,1,1,-3.06,-3.06,0,0/6 (0%),1-1 (50%),0-2 (0%),,2026-09-28,Lower power rating,-8.72
221,Marcus Khoushi,Sterling Heights Stevenson,overall,3,4,6,18.04,18.1,3.48,20.68,20.68,5.74,2,2,-6.8,-6.8,0,0/6 (0%),2-5 (29%),,,2026-10-01,Lower power rating,-11.68
222,Ryan Rubago,St Clair Shores Lakeview,overall,3,2,4,-20.56,13.4,-3.62,13.41,13.41,5.68,1,1,-8.99,-8.99,0,0/4 (0%),2-3 (40%),0-1 (0%),,2026-10-05,Lost head-to-head vs player above,-10.15
223,Filip Erdokozi,Riverview,overall,3,4,12,-34.41,11.7,-7.08,14.7,14.7,7.26,2,2,-6.07,-6.07,0,0/10 (0%),4-8 (33%),0-3 (0%),,2026-10-03,Worse score margin vs common opponents,-10.2
224,Micah Hwang,Plymouth Christian Academy,overall,3,1,6,-30.31,12.2,-6.01,10.89,10.89,5.63,1,1,-4.6,-4.6,0,0/3 (0%),1-3 (25%),0-1 (0%),0-1 (0%),2026-10-05,Worse score margin vs common opponents,-4.91
225,Trey Wilcox,Grand Rapids Ottawa Hills,overall,3,0,5,-20.79,13.4,-4.6,14.01,14.01,6.2,0,0,4.42,4.42,0,0/5 (0%),0-1 (0%),0-2 (0%),0-2 (0%),2026-09-28,Lower power rating,-6.51
226,Marcus Ringlever,East Lansing,overall,3,0,9,-76.02,6.7,-15.52,7.23,7.23,7.58,0,0,3.18,3.18,0,0/9 (0%),0-3 (0%),0-4 (0%),0-2 (0%),2026-10-05,Lower power rating,-6.61
227,Xavier Meyer,Otsego,overall,3,2,6,-26.74,12.6,-5.77,13.52,13.52,6.43,1,1,0.18,0.18,0,0/6 (0%),2-1 (67%),0-5 (0%),,2026-10-05,Lower power rating,-7.21
228,"Taewon ""Evan"" Kim",Berrien Springs,overall,3,1,10,-64.06,8.1,-13.26,5.79,5.79,6.35,1,1,0.42,0.42,0,0/10 (0%),1-6 (14%),0-2 (0%),0-2 (0%),2026-10-05,Worse score margin vs common opponents,-7.95
229,Alex Vicenzi,Plainwell,overall,3,1,11,-81.39,6.0,-16.1,3.91,3.91,6.67,0,0,-1.79,-1.79,0,0/11 (0%),1-4 (20%),0-6 (0%),,2026-09-29,Lower power rating,-8.91
230,Ben Thoms,Livonia Churchill,overall,3,3,11,-47.61,10.1,-9.54,7.32,7.32,5.62,1,1,-3.91,-3.91,0,1/11 (9%),2-7 (22%),0-3 (0%),,2026-10-02,Lower power rating,-9.71
231,Isaiah Waldron,Lansing Waverly,overall,3,0,4,-37.9,11.3,-7.1,12.71,12.71,6.6,0,0,-4.77,-4.77,0,0/2 (0%),0-2 (0%),0-1 (0%),,2026-10-05,Lower power rating,-9.8
232,Dane Rumsey,Fremont,overall,3,1,6,-45.29,10.4,-9.43,8.1,8.1,5.84,1,1,-0.36,-0.36,0,0/6 (0%),1-4 (20%),,0-2 (0%),2026-09-29,Lower power rating,-12.38
233,Gage Robledo,Carleton Airport,overall,3,2,17,-81.01,6.0,-16.19,3.05,3.05,6.41,1,1,-4.14,-4.14,0,0/16 (0%),2-10 (17%),0-4 (0%),,2026-10-03,Lower power rating,-12.72
234,Stephen Shuster,Pinckney,overall,3,1,3,-25.59,12.8,-5.09,13.96,13.96,6.35,0,0,-0.37,-0.37,0,0/3 (0%),0-1 (0%),0-1 (0%),,2026-09-28,Worse score margin vs common opponents,-9.9
235,Jayden Lee,Walled Lake Western,overall,3,1,5,-71.61,7.2,-13.67,4.49,4.49,6.05,0,0,-6.52,-6.52,0,1/4 (25%),0-4 (0%),,,2026-10-02,Lower power rating,-10.01
236,Aiden McMillan,Hemlock,overall,3,0,7,-65.95,7.9,-12.87,8.15,8.15,7.01,0,0,-3.16,-3.16,0,0/6 (0%),0-6 (0%),0-1 (0%),,2026-09-25,Lower power rating,-10.14
237,Lennox Cardenas,Lansing Eastern,overall,3,1,8,-34.94,11.6,-7.24,9.57,9.57,5.6,0,0,2.46,2.46,0,0/8 (0%),0-4 (0%),,0-2 (0%),2026-09-30,Lower power rating,-10.23
238,Parker Welsh,Adrian,overall,3,2,5,-36.77,11.4,-7.17,10.51,10.51,5.89,0,0,-1.91,-1.91,0,0/4 (0%),0-3 (0%),0-1 (0%),,2026-09-30,Lower power rating,-10.59
239,Rafe Ruppert,South Haven,overall,3,2,17,-94.68,4.4,-18.75,0.37,0.37,6.37,0,0,-1.86,-1.86,0,0/17 (0%),1-6 (14%),0-5 (0%),0-1 (0%),2026-09-28,Lower power rating,-11.75
240,Scotty Porter,Lapeer,overall,3,0,20,-98.53,3.9,-19.66,5.6,5.6,8.42,0,0,-0.44,-0.44,0,0/20 (0%),0-8 (0%),0-10 (0%),,2026-10-01,Lower power rating,-11.84
241,Thien Nguyen,Wyoming Kelloggsville,overall,3,0,5,-42.24,10.8,-8.42,9.97,9.97,6.13,0,0,-0.24,-0.24,0,0/5 (0%),0-2 (0%),0-2 (0%),0-1 (0%),2026-10-02,Lower power rating,-12.3
242,Jeremy Stout,Boyne City,overall,3,1,4,-30.25,12.2,-5.67,12.31,12.31,5.99,0,0,-3.86,-3.86,0,0/4 (0%),0-2 (0%),0-1 (0%),,2026-09-28,Lower power rating,-12.57
243,Alfredo Orozco,Lincoln Park,overall,3,0,7,-52.97,9.5,-10.64,11.7,11.7,7.45,0,0,0.45,0.45,0,0/7 (0%),0-3 (0%),0-4 (0%),,2026-09-28,Lower power rating,-13.18
244,Tryson Walk,Battle Creek Central,overall,3,0,11,-63.43,8.2,-12.55,7.87,7.87,6.8,0,0,-1.39,-1.39,0,0/11 (0%),0-3 (0%),0-4 (0%),,2026-10-03,Lower power rating,-13.24
245,Ian Goode,Warren Woods Tower,overall,3,2,6,-59.59,8.6,-11.9,7.25,7.25,6.38,0,0,-0.23,-0.23,0,0/5 (0%),0-3 (0%),0-2 (0%),0-1 (0%),2026-09-29,Lower power rating,-13.64
246,Brennan Dietz,Muskegon Reeths-Puffer,overall,3,0,20,-130.82,0.0,-26.48,-3.11,-3.11,7.79,0,0,3.18,3.18,0,0/20 (0%),0-5 (0%),0-4 (0%),0-8 (0%),2026-10-02,Lower power rating,-13.74
247,Hadi Chokr,Dearborn Heights Crestwood,overall,3,0,10,-65.95,7.9,-12.97,7.13,7.13,6.7,0,0,-2.22,-2.22,0,0/10 (0%),0-6 (0%),0-2 (0%),,2026-10-03,Lower power rating,-13.75
248,Noah Shellenbarger,Richmond,overall,3,1,11,-83.59,5.7,-16.63,2.42,2.42,6.35,1,1,-4.85,-4.85,0,0/11 (0%),1-7 (12%),0-3 (0%),,2026-10-05,Lower power rating,-14.05
249,Jude Boggs,Monroe St Mary Catholic Central,overall,3,0,9,-93.18,4.6,-17.92,-1.15,-1.15,5.59,0,0,-7.18,-7.18,0,0/9 (0%),0-9 (0%),,,2026-10-01,Lower power rating,-15.3
250,Zach Blaney,Chesaning,overall,3,0,6,-57.25,8.9,-10.68,7.71,7.71,6.13,0,0,-7.75,-7.75,0,0/6 (0%),0-5 (0%),,,2026-09-22,Lower power rating,-15.77
251,Sebastian Estrellado,Madison Heights Lamphere,overall,3,0,5,-57.41,8.9,-10.63,7.83,7.83,6.15,0,0,-8.52,-8.52,0,0/5 (0%),0-5 (0%),,,2026-10-05,Lower power rating,-15.93
252,Lyndyn Bitely,Grant,overall,3,0,10,-79.72,6.2,-16.03,1.77,1.77,5.93,0,0,0.81,0.81,0,0/10 (0%),0-5 (0%),,0-3 (0%),2026-09-29,Lower power rating,-16.25
253,Owen Rochester,Ortonville Brandon,overall,3,0,13,-109.67,2.6,-21.55,1.65,1.65,7.73,0,0,-3.8,-3.8,0,0/13 (0%),0-9 (0%),0-4 (0%),,2026-09-29,Lower power rating,-17.7
1,Alex Tsai,Okemos,overall,4,19,0,653.51,100.0,33.77,55.5,55.5,7.25,229,229,8.13,8.13,15,,3-0 (100%),2-0 (100%),13-0 (100%),2026-10-06,,22.15
2,Zain Taqi,Troy,overall,4,22,4,648.78,99.4,30.53,54.69,54.69,8.05,231,231,11.09,11.09,19,2/6 (33%),,3-0 (100%),16-2 (89%),2026-10-03,Worse score margin vs common opponents,20.93
3,Luke Janz,Birmingham Seaholm,overall,4,7,2,593.14,92.2,24.82,41.76,41.76,5.65,226,226,12.96,12.96,7,0/1 (0%),,1-0 (100%),6-1 (86%),2026-09-29,Lost head-to-head vs player above,19.54
4,Athan Brozovich,Clarkston,overall,4,15,2,608.77,94.2,27.59,47.31,47.31,6.57,223,223,10.46,10.46,13,0/2 (0%),,2-0 (100%),11-2 (85%),2026-10-05,Worse score margin vs common opponents,18.73
5,Shane Goldman,Birmingham Groves,overall,4,12,4,603.49,93.5,27.65,46.2,46.2,6.18,223,223,8.31,8.31,10,0/3 (0%),,2-0 (100%),8-2 (80%),2026-10-03,Worse score margin vs common opponents,14.48
6,Henry DeMuth,Bloomfield Hills Cranbrook Kingswood,overall,4,16,6,593.64,92.2,24.13,41.96,41.96,5.94,223,223,11.78,11.78,14,2/5 (40%),,1-0 (100%),13-3 (81%),2026-10-05,Worse score margin vs common opponents,18.46
7,Tyler Singer,Hudsonville Unity Christian,overall,4,24,0,630.34,97.0,34.87,57.94,57.94,7.69,213,213,5.82,5.82,18,3/3 (100%),3-0 (100%),4-0 (100%),14-0 (100%),2026-10-02,Worse score margin vs common opponents,16.2
8,Raj Are,Novi,overall,4,12,4,627.39,96.6,31.65,50.62,50.62,6.32,225,225,11.12,11.12,9,0/3 (0%),,2-0 (100%),7-2 (78%),2026-10-03,Lower power rating,15.91
9,Joseph Hwang,Ann Arbor Pioneer,overall,4,16,4,597.78,92.8,25.71,42.07,42.07,5.45,222,222,8.28,8.28,14,0/4 (0%),2-0 (100%),4-0 (100%),10-4 (71%),2026-10-03,Lost head-to-head vs player above,15.19
10,John Wasco,Ann Arbor Huron,overall,4,10,2,603.81,93.6,28.75,46.2,46.2,5.82,221,221,8.94,8.94,9,1/3 (33%),1-0 (100%),2-0 (100%),7-2 (78%),2026-10-03,Lost head-to-head vs player above,15.14
11,Will Northrup,Bloomfield Hills Brother Rice,overall,4,15,7,568.21,89.0,21.35,40.35,40.35,6.33,219,219,10.73,10.73,12,1/7 (14%),,4-0 (100%),10-5 (67%),2026-10-06,Worse score margin vs common opponents,14.36
12,Aaron Gendelman,Bloomfield Hills,overall,4,10,8,561.95,88.1,20.75,38.61,38.61,5.95,220,220,12.3,12.3,8,1/8 (12%),,,9-7 (56%),2026-10-05,Worse score margin vs common opponents,11.9
13,Caden Crosby,South Lyon East,overall,4,15,0,594.1,92.3,29.44,49.29,49.29,6.62,216,216,2.56,2.56,9,,4-0 (100%),5-0 (100%),4-0 (100%),2026-10-02,Worse score margin vs common opponents,12.87
14,Isaac Lee,Ann Arbor Skyline,overall,4,2,5,500.65,80.2,12.11,29.98,29.98,5.95,215,215,14.11,14.11,2,1/6 (17%),,,2-5 (29%),2026-09-29,Lower power rating,9.02
15,Rocco Lachapelle,Detroit Catholic Central,overall,4,12,6,534.85,84.6,17.26,35.15,35.15,5.96,214,214,10.92,10.92,10,1/6 (17%),,1-0 (100%),9-5 (64%),2026-09-29,Lost head-to-head vs player above,13.81
16,Carter Iszler,Grand Ledge,overall,4,16,3,529.58,84.0,19.12,39.7,39.7,6.86,214,214,-0.22,-0.22,4,2/4 (50%),8-0 (100%),3-1 (75%),1-1 (50%),2026-10-05,Worse score margin vs common opponents,6.12
17,Ryan Michaels,Brighton,overall,4,12,8,554.72,87.2,22.48,40.33,40.33,5.95,213,213,8.49,8.49,8,0/7 (0%),2-0 (100%),5-0 (100%),4-8 (33%),2026-10-06,Lost head-to-head vs player above,11.4
18,Joseph Whitmore,Holland Christian,overall,4,20,5,603.57,93.5,30.18,48.57,48.57,6.13,212,212,9.14,9.14,16,2/5 (40%),2-0 (100%),1-0 (100%),15-4 (79%),2026-10-05,Worse score margin vs common opponents,15.22
19,Jayden Qi,Grand Rapids Forest Hills Northern,overall,4,11,2,562.17,88.2,24.03,41.35,41.35,5.77,211,211,9.93,9.93,10,0/1 (0%),,2-0 (100%),8-2 (80%),2026-10-05,Lost head-to-head vs player above,16.45
20,Jack Wilgenburg,Grand Haven,overall,4,17,5,598.39,92.9,30.15,48.33,48.33,6.06,211,211,6.1,6.1,15,3/8 (38%),1-0 (100%),7-0 (100%),8-4 (67%),2026-10-05,Fewer wins vs common opponents,10.75
21,Ashton Smith,Byron Center,overall,4,18,6,588.82,91.6,29.45,46.46,46.46,5.67,210,210,7.0,7.0,12,1/6 (17%),3-0 (100%),5-0 (100%),7-6 (54%),2026-10-05,Lost head-to-head vs player above,11.78
22,Chris Darrow,Northville,overall,4,12,8,504.23,80.7,12.24,29.05,29.05,5.6,211,211,8.93,8.93,11,1/9 (11%),1-0 (100%),3-0 (100%),8-7 (53%),2026-10-03,Worse score margin vs common opponents,11.28
23,Noah Clark,Rockford,overall,4,19,8,549.42,86.5,22.39,39.99,39.99,5.87,207,207,7.83,7.83,13,1/9 (11%),2-0 (100%),3-0 (100%),10-7 (59%),2026-10-05,Lost head-to-head vs player above,10.33
24,Ryder Saya,Ludington,overall,4,33,0,605.55,93.8,33.75,60.41,60.41,8.89,201,201,3.38,3.38,22,1/1 (100%),7-0 (100%),8-0 (100%),14-0 (100%),2026-10-05,Worse score margin vs common opponents,17.47
25,Mason Howse,Traverse City Central,overall,4,23,8,545.16,86.0,25.04,45.47,45.47,6.81,196,196,4.83,4.83,17,0/8 (0%),4-0 (100%),13-0 (100%),4-7 (36%),2026-10-05,Lost head-to-head vs player above,9.78
26,Critter Ignacio,Saline,overall,4,14,9,514.9,82.1,19.06,35.27,35.27,5.4,201,201,8.09,8.09,9,0/8 (0%),2-0 (100%),4-0 (100%),5-7 (42%),2026-10-03,Lower power rating,9.29
27,Fernando Romine,Grosse Pointe Woods University Liggett,overall,4,17,10,483.27,78.0,16.31,33.12,33.12,5.6,195,195,5.37,5.37,6,0/9 (0%),5-0 (100%),5-0 (100%),1-7 (12%),2026-10-06,Lost head-to-head vs player above,8.05
28,Ethan Ying,Ann Arbor Greenhills,overall,4,9,13,511.95,81.7,21.27,36.74,36.74,5.16,194,194,11.13,11.13,8,0/12 (0%),,3-0 (100%),5-11 (31%),2026-10-05,Lost head-to-head vs player above,10.08
29,William Kok,Grand Rapids Christian,overall,4,18,7,529.35,83.9,22.63,44.29,44.29,7.22,195,195,7.31,7.31,15,1/7 (14%),1-0 (100%),8-0 (100%),7-7 (50%),2026-10-05,Worse score margin vs common opponents,9.26
30,Carson Bosch,Sparta,overall,4,15,6,472.9,76.6,13.82,34.93,34.93,7.04,197,197,1.5,1.5,6,1/7 (14%),6-0 (100%),5-0 (100%),1-5 (17%),2026-09-28,Fewer wins vs common opponents,5.51
31,Andrew Hinkley,Big Rapids,overall,4,13,9,474.93,76.9,15.25,31.62,31.62,5.45,195,195,5.2,5.2,4,0/8 (0%),3-0 (100%),3-0 (100%),1-8 (11%),2026-10-05,Lost head-to-head vs player above,5.64
32,Joey Cavanaugh,Ada Forest Hills Eastern,overall,4,23,9,468.59,76.1,10.4,26.36,26.36,5.32,194,194,6.02,6.02,17,2/10 (20%),5-0 (100%),10-0 (100%),7-8 (47%),2026-10-05,Lost head-to-head vs player above,10.89
33,JD Mehney,East Grand Rapids,overall,4,10,11,504.48,80.7,21.03,38.06,38.06,5.68,192,192,9.51,9.51,7,2/11 (18%),1-0 (100%),2-0 (100%),5-10 (33%),2026-10-05,Lost head-to-head vs player above,8.79
34,Matthew Dinsmore,Portage Central,overall,4,17,10,483.48,78.0,20.85,38.26,38.26,5.8,180,180,5.33,5.33,11,1/10 (10%),4-0 (100%),7-0 (100%),4-8 (33%),2026-10-03,Worse score margin vs common opponents,7.58
35,Jonathan Price,Haslett,overall,4,20,5,488.81,78.7,19.09,39.02,39.02,6.64,186,186,3.58,3.58,13,1/4 (25%),4-0 (100%),9-0 (100%),4-5 (44%),2026-10-06,Worse score margin vs common opponents,9.96
36,Levi Lamb,Maple City Glen Lake,overall,4,21,5,476.08,77.0,18.53,38.74,38.74,6.74,178,178,6.69,6.69,16,1/6 (17%),2-0 (100%),7-0 (100%),10-5 (67%),2026-10-03,Lost head-to-head vs player above,11.11
37,Miles O'Brien,Muskegon Mona Shores,overall,4,18,3,429.29,71.0,17.4,35.69,35.69,6.09,163,163,2.36,2.36,10,1/4 (25%),5-0 (100%),7-0 (100%),3-3 (50%),2026-10-02,Fewer wins vs common opponents,8.33
38,Hekar Bingol,Hudsonville,overall,4,9,14,411.62,68.7,13.35,30.51,30.51,5.72,164,164,9.7,9.7,8,3/11 (27%),,4-0 (100%),4-13 (24%),2026-10-02,Fewer wins vs common opponents,7.79
39,Gavin White,Holland West Ottawa,overall,4,10,6,372.07,63.6,7.57,24.18,24.18,5.54,163,163,4.28,4.28,4,0/5 (0%),4-0 (100%),4-0 (100%),0-6 (0%),2026-10-02,Lost head-to-head vs player above,5.85
40,Grant Compston,Jenison,overall,4,10,13,393.78,66.4,11.9,29.67,29.67,5.92,162,162,5.42,5.42,5,2/12 (17%),3-0 (100%),5-1 (83%),1-12 (8%),2026-10-02,Lost head-to-head vs player above,3.2
41,Jake Bixby,Traverse City St Francis,overall,4,9,12,403.06,67.6,12.96,29.73,29.73,5.59,163,163,6.43,6.43,6,1/12 (8%),0-1 (0%),5-2 (71%),1-8 (11%),2026-09-26,Worse score margin vs common opponents,3.25
42,Cooper Barkby,Sturgis,overall,4,18,7,417.82,69.5,17.48,34.73,34.73,5.75,161,161,1.68,1.68,5,2/8 (25%),9-0 (100%),4-1 (80%),1-5 (17%),2026-10-05,Lost head-to-head vs player above,6.54
43,Isaac Judd,Caledonia,overall,4,7,9,360.65,62.1,7.19,23.53,23.53,5.45,161,161,2.29,2.29,1,0/8 (0%),5-0 (100%),0-4 (0%),1-4 (20%),2026-10-02,Lower power rating,0.95
44,Graham Eden,Middleville Thornapple Kellogg,overall,4,14,5,422.13,70.0,17.79,32.92,32.92,5.05,160,160,2.25,2.25,8,1/6 (17%),3-0 (100%),4-2 (67%),4-3 (57%),2026-10-02,Lost head-to-head vs player above,6.26
45,James Teitsma,Grand Rapids South Christian,overall,4,17,8,400.57,67.3,13.15,29.3,29.3,5.39,159,159,6.55,6.55,9,1/8 (12%),1-0 (100%),8-0 (100%),2-7 (22%),2026-10-02,Lost head-to-head vs player above,7.55
46,Levi Kaynor,Zeeland West,overall,4,6,10,394.26,66.4,14.39,34.06,34.06,6.56,157,157,7.52,7.52,3,1/11 (9%),3-0 (100%),2-0 (100%),1-9 (10%),2026-10-05,Worse score margin vs common opponents,5.23
47,Oliver Reese,Zeeland East,overall,4,17,11,377.24,64.2,8.47,26.99,26.99,6.17,156,156,6.62,6.62,13,0/9 (0%),2-0 (100%),7-0 (100%),6-10 (38%),2026-10-02,Lost head-to-head vs player above,8.13
48,Anik Batra,Rochester Hills Stoney Creek,overall,4,17,5,400.82,67.3,17.5,33.81,33.81,5.44,150,150,5.5,5.5,7,4/8 (50%),3-0 (100%),3-0 (100%),4-5 (44%),2026-10-05,Worse score margin vs common opponents,9.55
49,Jack Gryzenia,Grosse Pointe South,overall,4,8,6,372.45,63.6,12.1,32.03,32.03,6.64,150,150,5.79,5.79,6,1/7 (14%),1-0 (100%),5-0 (100%),1-4 (20%),2026-10-05,Worse score margin vs common opponents,6.76
50,Elliot Zahn,Midland Dow,overall,4,21,5,408.83,68.3,18.94,33.75,33.75,4.94,148,148,3.11,3.11,11,0/3 (0%),5-0 (100%),7-0 (100%),4-5 (44%),2026-10-05,Lost head-to-head vs player above,10.72
51,Paul Huynh,Grand Rapids Catholic Central,overall,4,8,4,408.28,68.3,21.81,38.7,38.7,5.63,146,146,2.32,2.32,4,0/2 (0%),3-0 (100%),3-0 (100%),1-3 (25%),2026-10-05,Lower power rating,9.08
52,Owen Wiese,Dexter,overall,4,9,8,370.9,63.4,13.88,29.71,29.71,5.28,148,148,4.95,4.95,2,3/11 (27%),4-0 (100%),1-1 (50%),1-7 (12%),2026-09-29,Lower power rating,4.23
53,Daniel (Duke) Rhoades,Chelsea,overall,4,20,8,410.65,68.6,18.19,34.12,34.12,5.31,147,147,6.27,6.27,15,3/10 (30%),3-0 (100%),8-1 (89%),7-7 (50%),2026-10-03,Lost head-to-head vs player above,8.72
54,Cass Mikoy,Rochester Adams,overall,4,7,10,351.07,60.8,12.86,29.93,29.93,5.69,137,137,13.43,13.43,4,1/10 (10%),,1-0 (100%),3-10 (23%),2026-10-05,Fewer wins vs common opponents,10.76
55,Wyatt Zeilstra,Grandville Calvin Christian,overall,4,18,4,402.17,67.5,23.37,40.64,40.64,5.76,137,137,1.44,1.44,7,1/5 (20%),8-0 (100%),5-0 (100%),2-4 (33%),2026-10-02,Lower power rating,6.34
56,Luke Manion,Grand Rapids NorthPointe Christian,overall,4,18,8,359.74,62.0,16.94,33.79,33.79,5.62,133,133,2.98,2.98,5,1/9 (11%),9-0 (100%),4-0 (100%),1-8 (11%),2026-10-02,Lost head-to-head vs player above,5.65
57,Smaran Ravikoti,Rochester,overall,4,4,6,321.26,57.0,7.84,25.13,25.13,5.76,136,136,11.02,11.02,3,1/7 (14%),,1-0 (100%),2-6 (25%),2026-10-05,Lower power rating,5.11
58,Jordan Serlin,Berkley,overall,4,12,4,337.42,59.1,12.46,29.87,29.87,5.8,133,133,6.13,6.13,4,0/3 (0%),3-0 (100%),4-0 (100%),0-4 (0%),2026-09-29,Lost head-to-head vs player above,8.67
59,Christos Kinney,Hartland,overall,4,19,3,353.13,61.1,17.2,34.84,34.84,5.88,128,128,1.09,1.09,7,1/4 (25%),7-0 (100%),5-0 (100%),2-2 (50%),2026-10-05,Lower power rating,7.21
60,Ben Kirschenbaum,St. Joseph,overall,4,15,12,341.86,59.7,14.12,29.85,29.85,5.24,131,131,3.44,3.44,5,0/9 (0%),8-0 (100%),5-1 (83%),0-11 (0%),2026-10-03,Lower power rating,5.33
61,Ganesh Nambu,Troy Athens,overall,4,7,14,277.53,51.3,9.77,28.08,28.08,6.11,109,109,9.34,9.34,4,0/14 (0%),2-0 (100%),4-0 (100%),0-12 (0%),2026-10-06,Worse score margin vs common opponents,6.49
62,Jake Schragg,Battle Creek Harper Creek,overall,4,14,0,386.88,65.5,23.34,45.4,45.4,7.36,131,131,-1.8,-1.8,6,3/3 (100%),6-0 (100%),4-0 (100%),2-0 (100%),2026-10-05,Lower power rating,5.95
63,Levi Youngman,Jackson Northwests,overall,4,13,3,325.83,57.6,14.44,32.95,32.95,6.17,126,126,0.13,0.13,1,0/2 (0%),8-0 (100%),1-0 (100%),0-3 (0%),2026-09-28,Lost head-to-head vs player above,5.01
64,Rohan Achuri,Grand Blanc,overall,4,13,8,292.64,53.3,12.03,29.24,29.24,5.74,112,112,1.9,1.9,5,0/7 (0%),6-0 (100%),5-2 (71%),0-6 (0%),2026-10-03,Lower power rating,4.89
65,Ben Entler,Lansing Catholic,overall,4,17,6,335.03,58.8,16.74,37.38,37.38,6.88,122,122,-0.48,-0.48,5,2/7 (29%),10-0 (100%),5-2 (71%),0-3 (0%),2026-10-03,Worse score margin vs common opponents,4.55
66,Nate Robertson,Battle Creek Lakeview,overall,4,13,9,319.92,56.8,11.19,27.07,27.07,5.29,127,127,1.82,1.82,6,2/9 (22%),6-2 (75%),5-1 (83%),1-6 (14%),2026-10-03,Lower power rating,2.77
67,Ethan Larue,Mason,overall,4,14,12,287.75,52.6,6.69,25.69,25.69,6.33,122,122,2.51,2.51,6,0/11 (0%),7-0 (100%),6-1 (86%),0-8 (0%),2026-10-05,Lost head-to-head vs player above,3.96
68,Egor Duginov,Walled Lake Central,overall,4,11,3,316.44,56.4,19.95,37.97,37.97,6.01,106,106,0.22,0.22,3,1/3 (33%),6-0 (100%),3-1 (75%),0-1 (0%),2026-10-02,Worse score margin vs common opponents,4.59
69,Milo McRivette,Grandville,overall,4,7,12,288.23,52.7,5.8,22.29,22.29,5.49,125,125,6.35,6.35,4,1/13 (8%),1-0 (100%),4-1 (80%),0-10 (0%),2026-10-02,Lower power rating,0.31
70,Jack Dumas,Petoskey,overall,4,6,12,284.13,52.2,7.28,24.44,24.44,5.72,121,121,5.44,5.44,2,0/12 (0%),2-0 (100%),2-2 (50%),0-7 (0%),2026-09-23,Lost head-to-head vs player above,2.16
71,Aaron Anglin,Grand Rapids Forest Hills Central,overall,4,6,17,275.55,51.1,1.3,21.96,21.96,6.89,131,131,8.03,8.03,2,1/18 (6%),2-0 (100%),2-0 (100%),0-15 (0%),2026-10-05,Worse score margin vs common opponents,0.2
72,Finn Bauer,Traverse City West,overall,4,17,11,284.59,52.2,7.32,24.21,24.21,5.63,120,120,3.9,3.9,4,2/11 (18%),7-0 (100%),5-4 (56%),0-7 (0%),2026-09-30,Lost head-to-head vs player above,2.51
73,Zach Layman,Edwardsburg,overall,4,9,4,290.42,53.0,10.73,26.42,26.42,5.23,119,119,-2.54,-2.54,0,1/4 (25%),9-2 (82%),0-1 (0%),0-1 (0%),2026-09-29,Worse score margin vs common opponents,0.59
74,Andrew Mitchell,Grand Rapids West Catholic,overall,4,11,14,260.88,49.2,2.98,21.47,21.47,6.16,119,119,3.86,3.86,4,1/14 (7%),4-0 (100%),4-1 (80%),0-12 (0%),2026-10-02,Worse score margin vs common opponents,1.5
75,Kyle Herder,Kalamazoo Christian,overall,4,17,4,354.73,61.3,22.89,41.94,41.94,6.35,117,117,0.39,0.39,4,2/6 (33%),7-0 (100%),4-0 (100%),0-3 (0%),2026-10-03,Worse score margin vs common opponents,3.98
76,Achilles Coutinho,Utica Eisenhower,overall,4,19,14,253.26,48.2,6.06,22.72,22.72,5.56,104,104,2.84,2.84,9,1/15 (7%),5-0 (100%),9-1 (90%),0-8 (0%),2026-10-05,Lower power rating,3.68
77,Xzavier Boyd,Farmington,overall,4,9,2,291.76,53.2,16.62,34.55,34.55,5.98,102,102,0.14,0.14,3,1/3 (33%),6-0 (100%),2-0 (100%),1-2 (33%),2026-10-06,Worse score margin vs common opponents,3.53
78,Jeremiah Becraft,Niles,overall,4,12,10,290.85,53.0,11.12,26.79,26.79,5.22,117,117,-0.63,-0.63,1,2/11 (18%),6-2 (75%),1-4 (20%),0-3 (0%),2026-09-29,Lower power rating,-1.33
79,Jaxon Fuller,Three Rivers,overall,4,9,4,271.42,50.5,8.12,25.24,25.24,5.71,115,115,-1.53,-1.53,1,2/4 (50%),7-1 (88%),1-0 (100%),0-2 (0%),2026-10-05,Lost head-to-head vs player above,1.27
80,Joseph Bosse,Buchanan,overall,4,9,3,285.72,52.4,11.54,31.34,31.34,6.6,115,115,-4.1,-4.1,0,3/6 (50%),9-1 (90%),0-2 (0%),,2026-10-05,Fewer wins vs common opponents,-0.73
81,Jacob Ameling,Paw Paw,overall,4,9,17,239.94,46.5,2.01,18.27,18.27,5.42,114,114,0.7,0.7,1,0/14 (0%),5-4 (56%),1-4 (20%),0-5 (0%),2026-09-29,Lost head-to-head vs player above,-1.92
82,Patrick Best,Jackson Lumen Christi,overall,4,18,14,300.75,54.3,14.76,31.52,31.52,5.59,110,110,1.82,1.82,4,1/13 (8%),12-1 (92%),4-5 (44%),0-7 (0%),2026-10-03,Lost head-to-head vs player above,2.61
83,John Ross,Coopersville,overall,4,13,1,251.04,47.9,9.44,30.2,30.2,6.92,102,102,-3.53,-3.53,1,2/3 (67%),9-0 (100%),1-0 (100%),0-1 (0%),2026-09-24,Worse score margin vs common opponents,3.58
84,Shay Chismody,West Bloomfield,overall,4,2,4,240.62,46.5,9.14,25.48,25.48,5.45,96,96,2.77,2.77,1,1/5 (20%),1-0 (100%),1-3 (25%),0-1 (0%),2026-10-03,Lower power rating,1.48
85,Ethan Winter,Macomb L'Anse Creuse North,overall,4,10,6,248.9,47.6,13.48,30.5,30.5,5.67,86,86,0.87,0.87,6,3/6 (50%),3-0 (100%),6-1 (86%),0-2 (0%),2026-10-06,Worse score margin vs common opponents,3.07
86,Frank Xia,Lake Orion,overall,4,6,1,227.01,44.8,10.55,27.9,27.9,5.78,87,87,-2.7,-2.7,1,1/1 (100%),4-0 (100%),1-1 (50%),,2026-09-28,Worse score margin vs common opponents,2.74
87,Artur Kurtaj,Utica Ford,overall,4,9,13,227.11,44.8,4.76,23.92,23.92,6.39,100,100,3.5,3.5,1,1/13 (8%),5-0 (100%),1-6 (14%),0-6 (0%),2026-10-05,Lower power rating,0.57
88,Drew Edelstein,West Bloomfield FJA,overall,4,8,2,195.1,40.7,16.38,34.06,34.06,5.89,56,56,-0.8,-0.8,1,1/2 (50%),6-0 (100%),1-1 (50%),0-1 (0%),2026-09-28,Worse score margin vs common opponents,4.19
89,Arnav Ranjan,Plymouth,overall,4,5,7,103.6,28.8,5.94,25.26,25.26,6.44,34,34,5.76,5.76,2,1/8 (12%),1-0 (100%),2-1 (67%),0-4 (0%),2026-10-03,Worse score margin vs common opponents,4.7
90,Austin Blankertz,Romeo,overall,4,5,8,254.49,48.3,9.75,25.43,25.43,5.23,99,99,6.41,6.41,3,2/9 (22%),1-0 (100%),3-3 (50%),0-5 (0%),2026-10-05,Worse score margin vs common opponents,0.55
91,Victor Weir,New Baltimore Anchor Bay,overall,4,14,4,278.7,51.5,19.96,34.19,34.19,4.74,85,85,-0.35,-0.35,6,0/2 (0%),6-0 (100%),6-4 (60%),,2026-09-29,Lost head-to-head vs player above,3.9
92,Michael Halliday,Mount Pleasant,overall,4,10,2,254.61,48.4,15.81,34.49,34.49,6.23,85,85,-1.07,-1.07,4,1/3 (33%),5-0 (100%),3-0 (100%),1-2 (33%),2026-10-01,Lower power rating,3.53
93,Beckett Baker,Port Huron Northern,overall,4,10,5,254.42,48.3,15.76,30.0,30.0,4.75,84,84,0.09,0.09,5,1/5 (20%),2-1 (67%),5-4 (56%),,2026-09-29,Lower power rating,0.96
94,Ben Keasler,Comstock Park,overall,4,12,6,244.68,47.1,8.9,28.41,28.41,6.5,100,100,-2.76,-2.76,1,0/6 (0%),9-0 (100%),1-3 (25%),0-3 (0%),2026-10-02,Lower power rating,-1.22
95,Noah Gierke,Cedar Springs,overall,4,3,3,224.39,44.4,5.87,23.54,23.54,5.89,97,97,-0.99,-0.99,1,0/3 (0%),1-1 (50%),1-0 (100%),0-1 (0%),2026-09-29,Lost head-to-head vs player above,0.46
96,Doug LaDue IV,East Kentwood,overall,4,7,9,205.84,42.0,1.94,17.99,17.99,5.35,96,96,2.19,2.19,2,0/8 (0%),4-0 (100%),2-3 (40%),0-6 (0%),2026-10-05,Lost head-to-head vs player above,-0.52
97,Dominic Porco,Williamston,overall,4,14,7,250.98,47.9,11.86,29.18,29.18,5.77,94,94,-1.79,-1.79,3,2/9 (22%),10-0 (100%),3-5 (38%),0-2 (0%),2026-10-03,Lost head-to-head vs player above,0.85
98,Veehan Chokshi,Saginaw Heritage,overall,4,9,5,213.26,43.0,8.77,26.8,26.8,6.01,83,83,0.66,0.66,2,2/7 (29%),5-0 (100%),2-1 (67%),1-3 (25%),2026-10-01,Lower power rating,-0.18
99,Nick Ivanov,Clinton Township Chippewa Valley,overall,4,9,9,237.12,46.1,13.18,27.45,27.45,4.76,83,83,1.37,1.37,3,0/8 (0%),2-0 (100%),3-8 (27%),,2026-09-29,Lower power rating,-0.23
100,Jagr Nestorovski,Utica,overall,4,9,5,216.69,43.4,8.63,23.05,23.05,4.81,82,82,0.97,0.97,6,0/5 (0%),1-0 (100%),6-4 (60%),,2026-09-29,Lost head-to-head vs player above,4.06
101,Carsen Cooper,Almont,overall,4,14,1,180.49,38.8,21.08,41.56,41.56,6.83,38,38,-4.97,-4.97,1,2/3 (67%),10-0 (100%),1-1 (50%),,2026-10-05,Worse score margin vs common opponents,4.51
102,Jackson Moul,Southgate Anderson,overall,4,16,8,176.93,38.3,10.31,28.45,28.45,6.05,59,59,2.66,2.66,4,0/7 (0%),9-0 (100%),4-1 (80%),0-7 (0%),2026-10-03,Lower power rating,3.18
103,Emmett Nunamaker,Midland,overall,4,6,5,222.06,44.1,12.19,30.83,30.83,6.22,80,80,-0.87,-0.87,1,1/6 (17%),5-0 (100%),1-2 (33%),0-2 (0%),2026-10-05,Worse score margin vs common opponents,-0.64
104,Bodie MacIntosh,St. Clair,overall,4,15,14,187.47,39.7,5.14,21.65,21.65,5.5,80,80,0.4,0.4,1,0/13 (0%),9-0 (100%),1-10 (9%),0-3 (0%),2026-10-03,Worse score margin vs common opponents,-0.51
105,Brady Petrimoulx,Bay City John Glenn,overall,4,11,4,231.66,45.4,16.28,33.28,33.28,5.67,74,74,-1.62,-1.62,2,2/5 (40%),8-1 (89%),2-1 (67%),0-2 (0%),2026-10-05,Fewer wins vs common opponents,0.21
106,Finn Murphy,Essexville Garber,overall,4,14,3,226.31,44.7,17.22,32.93,32.93,5.24,70,70,-2.73,-2.73,1,1/4 (25%),8-0 (100%),1-2 (33%),0-1 (0%),2026-10-05,Lost head-to-head vs player above,1.54
107,Lucas Nichols,Richland Gull Lake,overall,4,9,8,152.5,35.1,3.52,20.57,20.57,5.68,65,65,3.65,3.65,2,1/9 (11%),4-0 (100%),2-3 (40%),0-5 (0%),2026-10-03,Lower power rating,0.74
108,Pierce Wilson,Davison,overall,4,9,8,167.32,37.1,6.79,23.55,23.55,5.59,67,67,-1.34,-1.34,0,2/6 (33%),7-2 (78%),0-3 (0%),0-1 (0%),2026-10-01,Lower power rating,-0.22
109,Sawyer Macomber,Parma Western,overall,4,9,14,193.42,40.4,11.24,28.78,28.78,5.85,68,68,2.33,2.33,0,1/12 (8%),8-2 (80%),0-4 (0%),0-8 (0%),2026-09-28,Lower power rating,-0.42
110,joey mcfarland,Bay City Western,overall,4,10,8,192.82,40.4,12.08,26.86,26.86,4.93,65,65,-1.31,-1.31,2,2/10 (20%),5-0 (100%),2-6 (25%),0-2 (0%),2026-10-05,Lower power rating,-2.92
111,Nick Padot,Dewitt,overall,4,8,17,166.07,36.9,6.09,22.97,22.97,5.63,66,66,4.19,4.19,1,1/17 (6%),5-1 (83%),1-6 (14%),0-8 (0%),2026-10-06,Worse score margin vs common opponents,-1.59
112,Liam Kondor,Lowell,overall,4,4,8,148.44,34.6,3.34,19.79,19.79,5.48,65,65,0.37,0.37,1,0/8 (0%),3-1 (75%),1-2 (33%),0-4 (0%),2026-09-26,Worse score margin vs common opponents,-3.33
113,Simon VanLiew,Holt,overall,4,9,16,130.02,32.2,0.01,18.3,18.3,6.1,64,64,3.86,3.86,0,0/16 (0%),6-2 (75%),0-2 (0%),0-10 (0%),2026-10-06,Lost head-to-head vs player above,0.01
114,Arshaveer Murshed,Walled Lake Northern,overall,4,9,8,120.64,31.0,10.72,30.85,30.85,6.71,33,33,1.96,1.96,0,1/7 (14%),6-0 (100%),0-1 (0%),0-5 (0%),2026-10-02,Worse score margin vs common opponents,3.24
115,Isaac Wilkerson,East Lansing,overall,4,5,12,144.81,34.1,3.3,18.78,18.78,5.16,63,63,1.53,1.53,1,0/12 (0%),3-3 (50%),1-3 (25%),0-4 (0%),2026-10-05,Lower power rating,-3.67
116,Kevin Zhou,Portage Northern,overall,4,7,9,113.97,30.1,-2.05,13.68,13.68,5.24,61,61,1.31,1.31,1,0/5 (0%),4-1 (80%),0-5 (0%),1-3 (25%),2026-10-03,Lost head-to-head vs player above,1.2
117,Nolan Hoover,Gibraltar Carlson,overall,4,16,9,193.56,40.5,15.16,31.36,31.36,5.4,56,56,-0.58,-0.58,4,1/8 (12%),7-0 (100%),4-5 (44%),0-2 (0%),2026-09-29,Lower power rating,1.01
118,Wyatt Strait,Cadillac,overall,4,7,11,97.47,28.0,-1.3,17.62,17.62,6.31,51,51,3.85,3.85,0,0/10 (0%),3-0 (100%),0-6 (0%),0-5 (0%),2026-09-28,Worse score margin vs common opponents,-0.82
119,Dean Haroff,Marshall,overall,4,9,6,147.58,34.5,6.35,22.86,22.86,5.51,58,58,-0.41,-0.41,0,0/6 (0%),6-0 (100%),0-2 (0%),0-4 (0%),2026-10-05,Worse score margin vs common opponents,-2.22
120,Caden Birts,Coldwater,overall,4,7,8,124.46,31.5,2.51,19.19,19.19,5.56,55,55,0.75,0.75,1,2/9 (22%),4-1 (80%),1-2 (33%),0-5 (0%),2026-09-28,Lost head-to-head vs player above,-1.5
121,Asher Ndenga,Mattawan,overall,4,4,15,98.22,28.1,-2.9,13.73,13.73,5.54,55,55,5.37,5.37,0,0/15 (0%),1-0 (100%),0-6 (0%),0-9 (0%),2026-10-05,Lower power rating,-2.57
122,Desmond Brownell,Kalamazoo Loy Norrix,overall,4,9,14,88.28,26.8,-4.3,11.91,11.91,5.4,54,54,0.49,0.49,1,1/12 (8%),4-2 (67%),1-6 (14%),0-4 (0%),2026-10-05,Lost head-to-head vs player above,-3.41
123,Landon Voelker,Kalamazoo Central,overall,4,8,9,105.82,29.1,1.63,18.75,18.75,5.71,49,49,-0.76,-0.76,0,2/10 (20%),3-4 (43%),1-2 (33%),0-3 (0%),2026-10-03,Lost head-to-head vs player above,-3.37
124,Sam Hainstock,Alpena,overall,4,3,3,84.51,26.3,-0.64,15.28,15.28,5.31,45,45,-4.69,-4.69,0,0/3 (0%),3-3 (50%),,,2026-09-23,Lower power rating,-3.94
125,Griffin D'Aigle,Lake Fenton,overall,4,13,4,161.12,36.3,14.2,30.65,30.65,5.48,46,46,-3.95,-3.95,0,0/3 (0%),9-1 (90%),0-2 (0%),0-1 (0%),2026-10-06,Worse score margin vs common opponents,-1.77
126,Alexander Tranquilino,Flushing,overall,4,4,19,122.93,31.3,7.18,22.92,22.92,5.25,43,43,-0.99,-0.99,1,1/18 (6%),3-9 (25%),1-5 (17%),0-4 (0%),2026-09-29,Lost head-to-head vs player above,-7.42
127,Mason Morgan,Clio,overall,4,19,1,102.9,28.7,5.21,23.43,23.43,6.07,40,40,-6.5,-6.5,0,4/4 (100%),13-1 (93%),1-0 (100%),,2026-10-07,Lost head-to-head vs player above,1.2
128,Greyson Goodwin,Dearborn Divine Child,overall,4,4,0,119.39,30.9,9.95,31.07,31.07,7.04,36,36,-4.91,-4.91,0,,3-0 (100%),,,2026-10-05,Lower power rating,0.94
129,Meryk Rogers,Oxford,overall,4,9,4,108.05,29.4,5.27,24.26,24.26,6.33,42,42,-4.7,-4.7,0,1/4 (25%),6-1 (86%),0-2 (0%),,2026-10-06,Fewer wins vs common opponents,-2.9
130,Joseph Buerge,Flint Powers Catholic,overall,4,4,11,88.31,26.8,2.04,19.08,19.08,5.68,39,39,0.14,0.14,0,0/9 (0%),3-2 (60%),0-6 (0%),0-2 (0%),2026-10-06,Worse score margin vs common opponents,-2.4
131,Christopher Sappanos,Kalamazoo Hackett Catholic Prep,overall,4,13,6,116.07,30.4,8.39,26.61,26.61,6.07,36,36,-1.91,-1.91,2,1/4 (25%),8-0 (100%),2-4 (33%),0-1 (0%),2026-10-05,Worse score margin vs common opponents,2.63
132,David Hindelang,Detroit U-D Jesuit,overall,4,3,14,85.37,26.4,4.57,21.4,21.4,5.61,29,29,9.02,9.02,0,0/14 (0%),2-0 (100%),0-1 (0%),0-12 (0%),2026-09-29,Lower power rating,2.61
133,Tony Fernandez,Trenton,overall,4,10,5,91.79,27.3,6.67,24.02,24.02,5.79,29,29,-2.23,-2.23,1,1/5 (20%),7-0 (100%),1-3 (25%),0-1 (0%),2026-10-03,Lower power rating,1.38
134,Chris Shelton,Grosse Ile,overall,4,11,10,78.52,25.6,8.15,25.35,25.35,5.73,18,18,0.39,0.39,1,0/10 (0%),7-0 (100%),1-3 (25%),0-4 (0%),2026-10-03,Worse score margin vs common opponents,0.89
135,Tino Calagna,Macomb Dakota,overall,4,4,8,77.15,25.4,3.5,18.85,18.85,5.12,29,29,0.26,0.26,1,1/8 (12%),3-1 (75%),1-6 (14%),,2026-09-29,Fewer wins vs common opponents,-2.36
136,Joey Nerkowski,Imlay City,overall,4,9,4,140.46,33.6,15.19,32.61,32.61,5.8,32,32,-5.15,-5.15,2,1/5 (20%),4-0 (100%),3-3 (50%),,2026-10-05,Worse score margin vs common opponents,-2.33
137,Lucas Fox,Yale,overall,4,14,4,119.91,30.9,12.23,30.03,30.03,5.93,31,31,-6.6,-6.6,0,0/3 (0%),12-2 (86%),0-2 (0%),,2026-10-05,Lost head-to-head vs player above,-0.2
138,Jordan Nugyen,Livonia Stevenson,overall,4,10,7,66.45,24.0,2.6,22.08,22.08,6.49,27,27,-1.23,-1.23,0,1/6 (17%),7-0 (100%),0-4 (0%),0-2 (0%),2026-10-02,Lower power rating,-0.7
139,Youssaf Gatea,Dearborn Edsel Ford,overall,4,10,5,53.09,22.3,0.54,17.95,17.95,5.8,25,25,-2.34,-2.34,1,1/6 (17%),5-1 (83%),1-4 (20%),,2026-10-02,Lost head-to-head vs player above,-1.8
140,Adam Osta,Dearborn,overall,4,6,6,88.12,26.8,8.21,26.71,26.71,6.17,23,23,2.08,2.08,0,0/6 (0%),4-1 (80%),0-2 (0%),0-3 (0%),2026-10-03,Lost head-to-head vs player above,0.73
141,Scout Freiheit,Whitehall,overall,4,10,10,58.2,22.9,8.57,29.0,29.0,6.81,7,7,2.57,2.57,0,0/10 (0%),6-0 (100%),0-1 (0%),0-7 (0%),2026-10-05,Lower power rating,-0.32
142,Jonathan Miller,Lapeer,overall,4,3,16,81.69,26.0,1.23,20.57,20.57,6.45,38,38,-0.96,-0.96,0,0/15 (0%),3-6 (33%),0-8 (0%),0-1 (0%),2026-10-01,Lower power rating,-6.68
143,Tyler Hudson,Goodrich,overall,4,8,8,93.22,27.5,4.23,19.02,19.02,4.93,37,37,-3.97,-3.97,0,3/8 (38%),8-5 (62%),0-3 (0%),,2026-10-06,Lost head-to-head vs player above,-3.79
144,Deacon Morgan,Allegan,overall,4,16,18,68.88,24.3,0.07,18.22,18.22,6.05,34,34,0.93,0.93,0,3/19 (16%),9-1 (90%),2-10 (17%),0-7 (0%),2026-09-28,Worse score margin vs common opponents,-3.43
145,Anthony (AJ) Bedricky,Pontiac Notre Dame Prep,overall,4,5,7,48.07,21.6,-1.58,13.73,13.73,5.1,28,28,-0.18,-0.18,0,1/6 (17%),3-2 (60%),0-4 (0%),0-1 (0%),2026-10-06,Lost head-to-head vs player above,-2.65
146,Dominic Adamo,Warren De La Salle Collegiate,overall,4,4,12,53.58,22.3,-0.34,15.16,15.16,5.17,27,27,2.47,2.47,0,0/12 (0%),3-1 (75%),0-6 (0%),0-2 (0%),2026-10-05,Worse score margin vs common opponents,-3.27
147,Matthew Joshua,Ann Arbor Father Gabriel Richard,overall,4,5,9,72.21,24.7,6.49,22.59,22.59,5.36,20,20,-0.57,-0.57,0,0/8 (0%),4-2 (67%),0-5 (0%),,2026-09-29,Lost head-to-head vs player above,-2.55
148,Lucas Taylor,Fraser,overall,4,9,13,15.21,17.4,-3.68,13.2,13.2,5.63,17,17,-0.9,-0.9,0,0/11 (0%),7-2 (78%),0-8 (0%),0-2 (0%),2026-10-06,Worse score margin vs common opponents,-1.78
149,Drew Biederman,Milan,overall,4,6,8,48.7,21.7,3.19,19.29,19.29,5.37,17,17,-2.59,-2.59,0,0/6 (0%),6-2 (75%),0-4 (0%),0-1 (0%),2026-10-01,Lower power rating,-1.85
150,Kripal Thoppae,Ypsilanti,overall,4,5,1,71.94,24.7,12.1,32.73,32.73,6.88,7,7,-5.3,-5.3,0,0/1 (0%),3-0 (100%),,,2026-10-07,Worse score margin vs common opponents,4.89
151,Arjun Swaminathan,Canton,overall,4,2,2,45.98,21.3,7.63,24.93,24.93,5.77,3,3,3.6,3.6,0,0/2 (0%),2-0 (100%),,0-2 (0%),2026-10-03,Lower power rating,3.87
152,Pranay Patel,Spring Lake,overall,4,8,9,26.35,18.8,2.88,23.46,23.46,6.86,5,5,3.83,3.83,0,0/9 (0%),6-0 (100%),,0-9 (0%),2026-10-02,Lower power rating,1.86
153,Brycen Rookus,Wayland,overall,4,4,11,-40.84,10.1,-8.93,11.69,11.69,6.87,1,1,3.54,3.54,0,0/8 (0%),2-0 (100%),0-3 (0%),0-7 (0%),2026-10-02,Worse score margin vs common opponents,0.11
154,Dekker Ansel,Monroe,overall,4,3,5,40.15,20.6,5.04,23.17,23.17,6.04,6,6,5.79,5.79,0,1/6 (17%),2-0 (100%),,0-4 (0%),2026-09-29,Lower power rating,-0.8
155,Seth Hoten,St. Johns,overall,4,7,12,16.17,17.5,-3.97,13.82,13.82,5.93,18,18,-0.01,-0.01,0,0/10 (0%),6-2 (75%),0-4 (0%),0-6 (0%),2026-09-30,Worse score margin vs common opponents,-3.84
156,Connor Long,Howell,overall,4,7,5,51.78,22.1,4.0,20.43,20.43,5.48,16,16,-0.51,-0.51,0,0/4 (0%),5-0 (100%),0-2 (0%),0-2 (0%),2026-10-03,Worse score margin vs common opponents,-1.53
157,Ben Lafleur,Saginaw Nouvel Catholic Central,overall,4,6,3,65.76,23.9,9.59,26.83,26.83,5.74,10,10,-4.56,-4.56,0,1/4 (25%),6-0 (100%),0-3 (0%),,2026-09-25,Worse score margin vs common opponents,-1.06
158,Kyle Bell,North Farmington,overall,4,4,13,43.29,21.0,3.19,22.02,22.02,6.28,13,13,2.68,2.68,0,0/13 (0%),3-0 (100%),0-8 (0%),0-3 (0%),2026-10-02,Lower power rating,-2.7
159,Hayden House,Milford,overall,4,5,4,24.28,18.5,2.39,18.38,18.38,5.33,6,6,0.54,0.54,0,2/6 (33%),3-1 (75%),,0-3 (0%),2026-10-02,Lost head-to-head vs player above,-2.17
160,Kannon Rosin,Charlotte,overall,4,9,7,60.59,23.2,7.67,25.3,25.3,5.88,12,12,-3.64,-3.64,0,1/8 (12%),7-3 (70%),0-4 (0%),,2026-10-02,Lower power rating,-3.79
161,Thomas OBrien,Greenville,overall,4,7,11,40.03,20.6,3.44,20.83,20.83,5.8,11,11,1.62,1.62,0,1/12 (8%),3-3 (50%),0-1 (0%),0-6 (0%),2026-09-28,Worse score margin vs common opponents,-3.48
162,Landon Huntoon,Alma,overall,4,6,5,43.66,21.0,5.97,24.53,24.53,6.19,8,8,-4.5,-4.5,0,1/6 (17%),5-1 (83%),0-4 (0%),,2026-09-25,Lower power rating,-3.67
163,Mitchel Fortier,Lake Odessa Lakewood,overall,4,8,4,41.85,20.8,5.16,20.81,20.81,5.22,9,9,-4.04,-4.04,0,0/3 (0%),6-2 (75%),0-1 (0%),0-1 (0%),2026-10-02,Lower power rating,-4.04
164,Kipp Donnelly,Riverview,overall,4,7,9,-9.07,14.2,-6.63,11.9,11.9,6.18,13,13,-3.97,-3.97,0,2/10 (20%),5-2 (71%),0-6 (0%),,2026-10-03,Lower power rating,-5.05
165,Muhammad Masood,Fenton,overall,4,8,10,11.29,16.9,-2.2,13.75,13.75,5.32,12,12,-3.51,-3.51,0,0/10 (0%),5-5 (50%),0-5 (0%),,2026-09-29,Worse score margin vs common opponents,-4.65
166,Evan Cummings,Croswell-Lexington,overall,4,3,3,24.87,18.6,3.64,21.93,21.93,6.1,4,4,-2.78,-2.78,0,0/2 (0%),2-0 (100%),0-3 (0%),,2026-10-05,Worse score margin vs common opponents,-2.16
167,Griffin Schiedel,Vicksburg,overall,4,5,15,26.79,18.9,3.6,19.88,19.88,5.42,2,2,3.5,3.5,2,1/14 (7%),2-2 (50%),2-6 (25%),0-7 (0%),2026-09-29,Lower power rating,-2.31
168,Yejun Cho,Berrien Springs,overall,4,3,8,16.43,17.5,1.91,20.5,20.5,6.2,3,3,1.74,1.74,0,0/7 (0%),2-2 (50%),0-2 (0%),0-3 (0%),2026-10-05,Worse score margin vs common opponents,-2.24
169,Kolt Kelley,Flint Kearsley,overall,4,7,9,17.16,17.6,-0.15,15.61,15.61,5.25,10,10,-4.28,-4.28,0,1/5 (20%),5-4 (56%),0-3 (0%),,2026-09-29,Lower power rating,-5.73
170,Zain Alromdhan,Dearborn Fordson,overall,4,1,4,25.52,18.7,0.46,19.67,19.67,6.4,11,11,2.36,2.36,0,0/4 (0%),1-1 (50%),0-1 (0%),0-2 (0%),2026-10-03,Lower power rating,-7.06
171,Emmanuel Flores,Wyandotte Roosevelt,overall,4,6,10,-13.15,13.7,-7.04,12.43,12.43,6.49,11,11,0.01,0.01,0,1/10 (10%),1-3 (25%),0-7 (0%),,2026-10-03,Worse score margin vs common opponents,-7.29
172,Alex Bacile,Allen Park,overall,4,7,7,15.06,17.3,-0.6,15.74,15.74,5.45,10,10,-4.01,-4.01,0,0/6 (0%),3-4 (43%),0-3 (0%),,2026-10-01,Lost head-to-head vs player above,-5.92
173,Kagembe Namegabe,Hamtramck,overall,4,8,3,60.88,23.3,9.58,24.75,24.75,5.06,8,8,-6.16,-6.16,0,0/3 (0%),7-1 (88%),0-2 (0%),,2026-10-05,Lost head-to-head vs player above,-3.54
174,Connor Harma,Clawson,overall,4,9,1,91.12,27.2,16.73,35.69,35.69,6.32,5,5,-5.22,-5.22,0,1/2 (50%),5-0 (100%),0-1 (0%),,2026-10-05,Worse score margin vs common opponents,-2.36
175,Dayton Pennington,Ypsilanti Lincoln,overall,4,4,4,33.04,19.7,5.14,21.8,21.8,5.55,4,4,-1.45,-1.45,0,1/4 (25%),2-1 (67%),,0-1 (0%),2026-10-05,Lower power rating,-3.73
176,collison Gabe,Hillsdale,overall,4,4,1,54.13,22.4,10.89,31.93,31.93,7.01,2,2,-8.82,-8.82,0,1/2 (50%),2-0 (100%),,,2026-09-24,Lower power rating,-3.85
177,Cash MacKellar,Muskegon Western Michigan Christian,overall,4,8,10,27.49,19.0,3.62,21.7,21.7,6.03,4,4,2.66,2.66,0,0/10 (0%),3-0 (100%),0-3 (0%),0-6 (0%),2026-09-29,Lower power rating,-5.84
178,Joshua Thoma,Holly,overall,4,4,11,4.41,16.0,-2.13,15.52,15.52,5.88,8,8,-1.93,-1.93,0,1/10 (10%),3-6 (33%),0-3 (0%),0-2 (0%),2026-09-29,Lower power rating,-6.42
179,Bryce Manning,Owosso,overall,4,5,9,8.92,16.6,-0.09,14.64,14.64,4.91,6,6,-5.28,-5.28,0,2/10 (20%),5-7 (42%),0-2 (0%),,2026-10-06,Lost head-to-head vs player above,-6.31
180,Pranav Magesh,Livonia Churchill,overall,4,4,11,17.89,17.7,1.23,18.88,18.88,5.88,6,6,-0.6,-0.6,0,1/12 (8%),2-4 (33%),0-4 (0%),0-2 (0%),2026-10-02,Lower power rating,-7.02
181,Luke Seavey,Portland,overall,4,4,16,2.19,15.7,-1.84,14.19,14.19,5.34,6,6,-1.26,-1.26,0,0/16 (0%),3-7 (30%),0-5 (0%),0-2 (0%),2026-10-02,Lower power rating,-7.07
182,Levi Bauer,Frankenmuth,overall,4,4,6,6.48,16.2,-0.29,16.0,16.0,5.43,5,5,-4.21,-4.21,0,2/8 (25%),3-3 (50%),0-3 (0%),,2026-09-28,Worse score margin vs common opponents,-7.46
183,Andrew Cottone,Marysville,overall,4,6,6,-2.09,15.1,-2.14,13.71,13.71,5.28,5,5,-2.88,-2.88,0,0/6 (0%),2-2 (50%),0-4 (0%),,2026-09-29,Lower power rating,-7.65
184,Gabriel Nelson,Sterling Heights,overall,4,8,5,37.85,20.3,6.64,23.69,23.69,5.68,4,4,-6.87,-6.87,0,0/4 (0%),3-4 (43%),,,2026-10-02,Worse score margin vs common opponents,-6.04
185,Hussain Mala,Walled Lake Western,overall,4,1,3,1.07,15.5,-0.73,16.73,16.73,5.82,4,4,-6.64,-6.64,0,0/3 (0%),1-2 (33%),,,2026-10-02,Lower power rating,-7.31
186,Reekhav Shah,White Lake Lakeland,overall,4,1,3,-0.89,15.3,-1.03,18.66,18.66,6.56,3,3,-3.53,-3.53,0,0/3 (0%),1-1 (50%),0-2 (0%),,2026-09-28,Lost head-to-head vs player above,-6.25
187,Brooks Wedge,Sandusky,overall,4,7,10,-3.01,15.0,-1.38,16.82,16.82,6.07,3,3,-4.26,-4.26,0,1/10 (10%),3-5 (38%),0-5 (0%),,2026-09-29,Lower power rating,-9.44
188,Aidan Swanson,Plymouth Christian Academy,overall,4,1,3,0.5,15.5,-0.44,15.89,15.89,5.44,2,2,-2.67,-2.67,0,0/2 (0%),1-2 (33%),0-1 (0%),,2026-10-05,Lower power rating,-3.04
189,Sylas Spiewla,South Lyon,overall,4,3,6,-31.83,11.3,-6.97,13.6,13.6,6.86,1,1,2.0,2.0,0,1/6 (17%),1-2 (33%),0-2 (0%),0-2 (0%),2026-10-02,Worse score margin vs common opponents,-3.51
190,Sam Bordenkircher,Holland,overall,4,2,11,-18.47,13.0,-4.55,14.27,14.27,6.27,1,1,4.5,4.5,0,0/11 (0%),1-0 (100%),0-5 (0%),0-5 (0%),2026-10-05,Lower power rating,-4.32
191,Landon McMullin,Fruitport,overall,4,3,10,-24.08,12.3,-5.28,14.04,14.04,6.44,1,1,0.59,0.59,0,0/10 (0%),2-3 (40%),0-2 (0%),0-5 (0%),2026-10-02,Worse score margin vs common opponents,-4.62
192,Khalid (Ehsan) Shakoor,Jackson,overall,4,1,6,-24.25,12.3,-5.44,14.26,14.26,6.57,1,1,1.9,1.9,0,0/6 (0%),1-1 (50%),0-1 (0%),0-3 (0%),2026-09-22,Lower power rating,-5.33
193,Ryan Rubago,St Clair Shores Lakeview,overall,4,1,3,24.72,18.6,4.27,20.89,20.89,5.54,3,3,-5.32,-5.32,0,1/4 (25%),1-3 (25%),,,2026-09-21,Lower power rating,-10.73
194,Arshill Choudhury,Warren Mott,overall,4,5,3,31.2,19.4,6.23,23.3,23.3,5.69,2,2,-7.98,-7.98,0,0/2 (0%),4-3 (57%),,,2026-09-29,Lost head-to-head vs player above,-5.82
195,Owen Krueger,Royal Oak,overall,4,6,11,15.94,17.5,2.38,20.92,20.92,6.18,2,2,-0.02,-0.02,0,1/12 (8%),2-1 (67%),0-5 (0%),0-2 (0%),2026-09-28,Lower power rating,-6.67
196,Rockey Myers,Battle Creek Pennfield,overall,4,2,9,-38.09,10.5,-7.9,11.37,11.37,6.42,1,1,-1.26,-1.26,0,0/9 (0%),1-4 (20%),0-4 (0%),0-1 (0%),2026-10-05,Lower power rating,-7.37
197,Cam Marazita,Niles Brandywine,overall,4,3,5,-29.54,11.6,-6.33,11.34,11.34,5.89,2,2,-3.9,-3.9,0,0/5 (0%),2-4 (33%),0-1 (0%),,2026-09-28,Worse score margin vs common opponents,-8.24
198,Gunnar Hedahl,New Buffalo / Bridgman / Lake Michigan Catholic (LMC),overall,4,1,8,-37.32,10.6,-7.62,10.29,10.29,5.97,1,1,-2.44,-2.44,0,0/8 (0%),1-5 (17%),0-3 (0%),,2026-09-21,Lost head-to-head vs player above,-8.7
199,mason hibbard,Monroe St Mary Catholic Central,overall,4,1,3,-18.72,13.0,-3.64,14.34,14.34,5.99,1,1,-5.09,-5.09,0,0/3 (0%),1-3 (25%),,,2026-10-01,Lower power rating,-8.97
200,Noah Anderson,Eaton Rapids,overall,4,1,6,-33.72,11.0,-7.29,10.78,10.78,6.02,2,2,-2.55,-2.55,0,0/6 (0%),1-4 (20%),0-1 (0%),0-1 (0%),2026-10-05,Lower power rating,-9.37
201,Charlie Lutz,Fowlerville,overall,4,7,12,-27.65,11.8,-5.64,9.18,9.18,4.94,1,1,-2.98,-2.98,0,1/12 (8%),5-7 (42%),0-4 (0%),0-1 (0%),2026-10-06,Worse score margin vs common opponents,-5.42
202,Zach Knapp,Otsego,overall,4,1,8,-27.28,11.9,-5.84,13.42,13.42,6.42,1,1,-0.23,-0.23,0,0/7 (0%),1-3 (25%),0-2 (0%),0-2 (0%),2026-10-05,Lower power rating,-7.08
203,Brynnlee Davidson,Lansing Christian School,overall,4,4,9,-55.48,8.2,-11.53,6.72,6.72,6.08,2,2,-3.69,-3.69,0,0/9 (0%),2-5 (29%),0-3 (0%),,2026-10-02,Worse score margin vs common opponents,-9.14
204,Jayden Davie,Lansing Waverly,overall,4,1,3,-19.05,12.9,-4.15,11.8,11.8,5.32,2,2,-4.68,-4.68,0,0/3 (0%),1-2 (33%),0-1 (0%),,2026-10-05,Lower power rating,-10.16
205,Ethan Schneider,Marine City,overall,4,2,3,-12.07,13.8,-1.98,14.62,14.62,5.53,1,1,-8.38,-8.38,0,0/3 (0%),2-3 (40%),,,2026-09-29,Lower power rating,-10.16
206,BrieAnna Spaans,Ionia,overall,4,1,7,-35.42,10.8,-6.93,10.99,10.99,5.97,1,1,-5.6,-5.6,0,0/7 (0%),1-6 (14%),0-1 (0%),,2026-10-05,Lower power rating,-11.38
207,Troy Wychuyse,Ortonville Brandon,overall,4,2,8,-49.35,9.0,-10.07,8.19,8.19,6.09,2,2,-6.01,-6.01,0,0/8 (0%),2-6 (25%),0-1 (0%),,2026-09-29,Lower power rating,-14.25
208,Elliott Yaroch,Richmond,overall,4,2,8,-30.22,11.5,-5.76,14.32,14.32,6.69,1,1,-6.86,-6.86,0,0/8 (0%),2-5 (29%),0-2 (0%),,2026-10-05,Lost head-to-head vs player above,-13.27
209,Cole Scott,Ferndale,overall,4,5,0,0.1,15.4,,,,,0,0,0.0,0.0,0,,,,,2026-10-05,Tied — no deciding criterion found,
210,Adam Meslemani,Detroit Country Day,overall,4,0,4,-10.96,14.0,-3.07,17.26,17.26,6.78,0,0,8.79,8.79,0,0/4 (0%),,,0-4 (0%),2026-10-01,Lower power rating,-0.47
211,Dev Patel,Salem,overall,4,1,6,-15.84,13.3,-4.51,16.37,16.37,6.96,0,0,13.44,13.44,0,0/5 (0%),,,1-4 (20%),2026-09-22,Lower power rating,-0.53
212,AJ Martinez,Grosse Pointe North,overall,4,1,5,-11.24,13.9,-2.46,15.12,15.12,5.86,0,0,2.04,2.04,0,0/5 (0%),1-1 (50%),0-3 (0%),0-1 (0%),2026-10-05,Lower power rating,-1.81
213,Dillon Schmitter,Pinckney,overall,4,0,4,-33.7,11.0,-6.44,10.9,10.9,5.78,0,0,-3.04,-3.04,0,0/1 (0%),0-4 (0%),,,2026-08-29,Lower power rating,-3.46
214,Evan Hernandez,Midland Bullock Creek,overall,4,4,2,-8.85,14.2,-1.7,19.35,19.35,7.02,0,0,-0.85,-0.85,0,0/1 (0%),0-1 (0%),0-1 (0%),,2026-10-05,Lower power rating,-3.88
215,Saahith Kona,Stevensville Lakeshore,overall,4,2,4,-26.3,12.0,-5.25,13.01,13.01,6.09,0,0,-0.19,-0.19,0,1/5 (20%),1-2 (33%),0-1 (0%),0-1 (0%),2026-10-05,Lower power rating,-4.35
216,Derek Chen,Grand Rapids Ottawa Hills,overall,4,0,5,-11.45,13.9,-2.85,17.87,17.87,6.91,0,0,5.55,5.55,0,0/5 (0%),0-1 (0%),,0-3 (0%),2026-09-28,Lower power rating,-5.48
217,Lucas Thomas,Temperance Bedford,overall,4,4,12,-51.11,8.8,-10.51,8.49,8.49,6.33,0,0,2.86,2.86,0,0/12 (0%),0-2 (0%),0-4 (0%),0-2 (0%),2026-10-01,Lower power rating,-6.18
218,Liam Coe,Tecumseh,overall,4,3,8,-48.14,9.2,-9.49,11.05,11.05,6.85,0,0,-1.44,-1.44,0,0/5 (0%),0-5 (0%),,0-1 (0%),2026-09-26,Worse score margin vs common opponents,-6.83
219,Sebastian Estrellado,Madison Heights Lamphere,overall,4,2,2,-23.33,12.4,-4.5,15.18,15.18,6.56,0,0,-1.78,-1.78,0,0/2 (0%),0-1 (0%),,,2026-09-16,Lower power rating,-9.18
220,Hunter Gardner,Grand Rapids Kenowa Hills,overall,4,0,5,-29.34,11.6,-5.99,15.2,15.2,7.06,0,0,1.23,1.23,0,0/5 (0%),0-2 (0%),0-1 (0%),0-1 (0%),2026-09-22,Lower power rating,-7.27
221,Trevor Baier,Southfield Arts & Technology,overall,4,1,3,-36.38,10.7,-6.8,12.5,12.5,6.43,0,0,-4.79,-4.79,0,0/2 (0%),0-2 (0%),,,2026-09-23,Lower power rating,-7.43
222,Ronan Teodor,Livonia Franklin,overall,4,4,11,-82.46,4.7,-16.33,3.39,3.39,6.57,0,0,-1.73,-1.73,0,0/10 (0%),1-8 (11%),0-1 (0%),0-1 (0%),2026-10-02,Lower power rating,-7.68
223,Josh Norton,Grand Rapids Northview,overall,4,2,20,-118.92,0.0,-23.96,-1.81,-1.81,7.38,0,0,1.74,1.74,0,0/20 (0%),0-4 (0%),0-9 (0%),0-5 (0%),2026-10-02,Lower power rating,-7.84
224,Jonathan Penate,Grant,overall,4,0,4,-27.28,11.9,-5.79,13.32,13.32,6.37,0,0,3.31,3.31,0,0/4 (0%),0-1 (0%),,0-2 (0%),2026-09-12,Lower power rating,-8.81
225,Zayden Zlotnicki,Muskegon Reeths-Puffer,overall,4,1,13,-90.78,3.6,-18.66,5.89,5.89,8.18,0,0,5.04,5.04,0,0/13 (0%),0-1 (0%),0-5 (0%),0-6 (0%),2026-10-02,Worse score margin vs common opponents,-7.72
226,Ian Kim,Auburn Hills Avondale,overall,4,1,5,-52.47,8.6,-10.2,9.86,9.86,6.69,0,0,-2.99,-2.99,0,0/4 (0%),0-3 (0%),0-2 (0%),,2026-09-29,Lower power rating,-9.08
227,Ayden Smith,Hamilton,overall,4,0,4,-49.77,9.0,-10.02,8.53,8.53,6.18,0,0,0.61,0.61,0,0/4 (0%),0-1 (0%),0-2 (0%),0-1 (0%),2026-10-02,Lower power rating,-9.22
228,Elba Trowbridge,Plainwell,overall,4,1,5,-41.77,10.0,-8.32,10.43,10.43,6.25,0,0,-0.32,-0.32,0,1/6 (17%),1-3 (25%),0-1 (0%),0-1 (0%),2026-09-29,Lower power rating,-10.24
229,Finn Pesik,Ovid-Elsie,overall,4,2,7,-69.77,6.4,-13.45,4.52,4.52,5.99,0,0,-5.06,-5.06,0,0/4 (0%),0-4 (0%),0-1 (0%),,2026-10-05,Lower power rating,-11.74
230,Nolan Pippin,Warren Woods Tower,overall,4,2,6,-49.55,9.0,-9.22,9.17,9.17,6.13,0,0,-6.91,-6.91,0,0/5 (0%),0-5 (0%),,,2026-09-29,Lower power rating,-12.1
231,Gabby Rodriguez,Hemlock,overall,4,0,6,-50.07,8.9,-9.6,9.54,9.54,6.38,0,0,-4.18,-4.18,0,0/6 (0%),0-5 (0%),0-1 (0%),,2026-09-25,Lower power rating,-12.42
232,Declan Gordon,South Haven,overall,4,0,14,-98.3,2.7,-19.51,1.15,1.15,6.88,0,0,-1.54,-1.54,0,0/14 (0%),0-6 (0%),0-4 (0%),,2026-09-28,Lower power rating,-12.59
233,Otto McIntosh,Carleton Airport,overall,4,1,8,-75.49,5.6,-14.65,3.21,3.21,5.95,0,0,-4.46,-4.46,0,0/8 (0%),0-7 (0%),0-1 (0%),,2026-10-01,Lower power rating,-12.93
234,Victor Fileccia,Brownstown Woodhaven,overall,4,3,7,-35.05,10.9,-7.07,12.11,12.11,6.39,0,0,0.58,0.58,0,0/7 (0%),1-2 (33%),0-4 (0%),,2026-10-03,Worse score margin vs common opponents,-8.2
235,Gabe Lang,Bay City Central,overall,4,1,6,-73.0,5.9,-14.35,6.89,6.89,7.08,0,0,-2.49,-2.49,0,0/6 (0%),0-3 (0%),0-3 (0%),,2026-10-05,Lower power rating,-9.83
236,Joseph Tooma,Sterling Heights Stevenson,overall,4,1,4,-30.84,11.4,-5.61,13.34,13.34,6.32,0,0,-5.6,-5.6,0,0/4 (0%),0-3 (0%),0-1 (0%),,2026-09-14,Lower power rating,-12.88
237,Thien Pham,Wyoming Kelloggsville,overall,4,0,6,-52.49,8.6,-10.39,8.39,8.39,6.26,0,0,-1.07,-1.07,0,0/6 (0%),0-4 (0%),,0-1 (0%),2026-10-02,Lower power rating,-13.04
238,Eliot Fuentes,Lansing Eastern,overall,4,1,12,-68.77,6.5,-13.73,4.88,4.88,6.2,0,0,-0.23,-0.23,0,1/13 (8%),0-4 (0%),0-3 (0%),0-2 (0%),2026-09-30,Lower power rating,-13.29
239,Kelijah Brown,Battle Creek Central,overall,4,0,9,-45.47,9.5,-8.99,8.36,8.36,5.78,0,0,-1.09,-1.09,0,0/9 (0%),0-3 (0%),0-1 (0%),0-1 (0%),2026-09-16,Lower power rating,-13.61
240,Brady Wessel,Armada,overall,4,0,12,-98.72,2.6,-19.35,0.74,0.74,6.7,0,0,-3.99,-3.99,0,0/12 (0%),0-5 (0%),0-4 (0%),0-1 (0%),2026-10-05,Lower power rating,-17.49
